meta	schema	v3
meta	compiler	2ce26d08e39862560bd40c95d0ca1a695200a46bd531a4c7c8ad7a8ab8796f81
meta	base-lexicon	2996fabfe0cf5a402b9ff7d76e09cb6e2fbedda51e917367c0b9f81fde6266ec
meta	swipl	9.2.9
meta	verify	sha256sum -c manifest-sha256.txt tagmanifest-sha256.txt
meta	replay	compile: ckc compile <guideline-id>
meta	replay	check: ckc check
meta	replay	load: swipl -q -s data/guidelines/<guideline-id>/pl/<docid>.pl
meta	generated	release-manifest.tsv
meta	generated	manifest-sha256.txt
meta	generated	tagmanifest-sha256.txt
member	NOTICE	d9ed734ad82b5c34f60d7d95513d3fce86ef5a03620fcfa2f8d835a55eadb361	1401
member	README-dist.md	c21814eaa51f9ec8d13de87d9ccd000ae4412f02c56887189825021d92780179	35756
member	bagit.txt	1712ecfb074bf29c4188ad3421032509159a09739fd604f8fe57038b4ddefcc9	54
member	data/guidelines/cdc-2022-opioid/README.md	07250f2516f3812a4866066d4967c22de021f32c7409d7c5f31b450b818d0c6b	12854
member	data/guidelines/cdc-2022-opioid/ace/cdc2022-opioid-rec01-imp01.ace	f03a66470307db0b5004dcda583ae54d8f91ba03d9c9c0033c67a92f7cc88568	164
member	data/guidelines/cdc-2022-opioid/ace/cdc2022-opioid-rec01-imp02.ace	827a00f98cf682a8da35fcff8042c867380d23707454ddfe780f52bb84ae81c0	231
member	data/guidelines/cdc-2022-opioid/ace/cdc2022-opioid-rec01-imp03.ace	25ac5cd7e4f2feefffba860591ead524d0c82fb0a489265a4bbc849e3d1c2ccc	546
member	data/guidelines/cdc-2022-opioid/ace/cdc2022-opioid-rec01-imp04.ace	35d0ac323bfada3b413b0d89203cc88a5ddc36c3914a4479b184fc184469eecb	594
member	data/guidelines/cdc-2022-opioid/ace/cdc2022-opioid-rec01-imp05.ace	3c03d82d961cff78e6423ae929e947963b1d635aefabed2d874f7643476c535a	806
member	data/guidelines/cdc-2022-opioid/ace/cdc2022-opioid-rec01-imp06.ace	fe179b2c63e598fc107cea0f518fc6326b4a75cd516c4c623104ad5b745d3351	605
member	data/guidelines/cdc-2022-opioid/ace/cdc2022-opioid-rec01.ace	41914d85b21ec8397d989912a2895c11362a952c329ab7558fa8fff226d9723e	467
member	data/guidelines/cdc-2022-opioid/ace/cdc2022-opioid-rec02-imp01.ace	4312bb7803bb55888e91780443426d1cfccd67005f740ba3984dcc09004c17ad	120
member	data/guidelines/cdc-2022-opioid/ace/cdc2022-opioid-rec02-imp02.ace	49df2808a2032cf6f1d71ea65e67964407f79cafff47d5df42a0fecfdd44db5b	1858
member	data/guidelines/cdc-2022-opioid/ace/cdc2022-opioid-rec02-imp03.ace	d20bcb3f2c7489785e46c0b343e2395be6f1e91847bb510eb3bb335c2662fee0	211
member	data/guidelines/cdc-2022-opioid/ace/cdc2022-opioid-rec02-imp04.ace	b1dcac5936c91963eb5d0eee6083bc55ecd456c51aadf8392b896a2b6ae7db40	366
member	data/guidelines/cdc-2022-opioid/ace/cdc2022-opioid-rec02-imp05.ace	a45a1f83fc339d7741e63e5d3d775591344bd1dbbf95a6539ab18abe0919062f	225
member	data/guidelines/cdc-2022-opioid/ace/cdc2022-opioid-rec02-imp06.ace	58a1f261dd114b35c619fcf1029d2606f023f48d943cc53b30597cc210244c26	351
member	data/guidelines/cdc-2022-opioid/ace/cdc2022-opioid-rec02-imp07.ace	8920c5374806468c881bd226c78d1a7b35508314087202264e0bd5284f0550bd	314
member	data/guidelines/cdc-2022-opioid/ace/cdc2022-opioid-rec02-imp08.ace	a0fb6ef73d0ef8e27ebeda924459ce19c73931eb50850bede2bd6d7addd35df3	413
member	data/guidelines/cdc-2022-opioid/ace/cdc2022-opioid-rec02-imp09.ace	2ac0b29c5e2996f6c45b813e6ec84ce8c2901a6e2092028bf3bd12badd9e7afc	239
member	data/guidelines/cdc-2022-opioid/ace/cdc2022-opioid-rec02-imp10.ace	97da0e85f7e622b048c265d2b9d67662082d987f01ae10af1b1288220f20ade2	459
member	data/guidelines/cdc-2022-opioid/ace/cdc2022-opioid-rec02-imp11.ace	d7f03ff5a4471c27bc7d59e83dd08dec08768179ec5ec152b4cc24f1c0955afa	224
member	data/guidelines/cdc-2022-opioid/ace/cdc2022-opioid-rec02-imp13.ace	0eb7321f7c7fd5afe6a01c650bde2e5c25fe73284f9d146c5eb97fb8bf6e87cf	93
member	data/guidelines/cdc-2022-opioid/ace/cdc2022-opioid-rec02-imp14.ace	d31b6554b941607fe2382363d720f5ddfb7b7836d84e78f8f3ce529048d225e9	332
member	data/guidelines/cdc-2022-opioid/ace/cdc2022-opioid-rec02-imp15.ace	c2de973e6032de4ba643657ba79ee29bae70e31c4222bce21c972dd975d940f2	298
member	data/guidelines/cdc-2022-opioid/ace/cdc2022-opioid-rec02-imp16.ace	9d0bc697a1c35f22ae195c5ff52906b2332377d25289629d708087d62cfbe8f1	109
member	data/guidelines/cdc-2022-opioid/ace/cdc2022-opioid-rec02-imp17.ace	398cdf153c30cc9bf766c6909d867cb6e86eb77c0bf22460552368c96e14bef4	415
member	data/guidelines/cdc-2022-opioid/ace/cdc2022-opioid-rec02-imp18.ace	60e214ddcda32fc9ee0bb48e60fbee171574ef638664bd8dec27c6c1728ef8eb	225
member	data/guidelines/cdc-2022-opioid/ace/cdc2022-opioid-rec02-imp19.ace	013626bf80cc042e574dbaa8ecc5fa492232fe1f56840d89ba0c15c218d9c70a	524
member	data/guidelines/cdc-2022-opioid/ace/cdc2022-opioid-rec02-imp20.ace	4f4058c75f594c9da28580160329c47328e2e18e59ce262a67b055ea9a3b0385	317
member	data/guidelines/cdc-2022-opioid/ace/cdc2022-opioid-rec02-imp21.ace	6852b5a8bf072224ff944f419e67de453fb1a8f236c1efbb464736fd454b599c	490
member	data/guidelines/cdc-2022-opioid/ace/cdc2022-opioid-rec02-imp22.ace	632dd227fb27b7d0bf082dfb29cace7ffac2ca14a61ec1916a11ef0a1ef495b5	181
member	data/guidelines/cdc-2022-opioid/ace/cdc2022-opioid-rec02-imp23.ace	9d1a9d3a2296356d4b1d6776170be7eef0bf60d9e9dd21aac6e2a0b58e306337	114
member	data/guidelines/cdc-2022-opioid/ace/cdc2022-opioid-rec02-imp24.ace	9bff4ac26c083e9e6960bbfbeb66b608a8c099424327217a60e77565b1fb7a40	224
member	data/guidelines/cdc-2022-opioid/ace/cdc2022-opioid-rec02-imp25.ace	c67751600154b9f5d8f90c2978a808e84302af9de7998b34dda2c0ec0262bcbd	498
member	data/guidelines/cdc-2022-opioid/ace/cdc2022-opioid-rec02-imp26.ace	f24cecd5b8a2a58372bf2aff0343173bc1adb8fd585d22a8758e73c67353ebd3	862
member	data/guidelines/cdc-2022-opioid/ace/cdc2022-opioid-rec02.ace	cbb3c4e8db7fb033fcc00bc6f967eff4b77a501d311ae323074f5bb77f1e57cb	741
member	data/guidelines/cdc-2022-opioid/ace/cdc2022-opioid-rec03-imp01.ace	fc567a2593eb1936b662fd028bf11e1f4e173351c408461e49e62b5ae704c9c1	305
member	data/guidelines/cdc-2022-opioid/ace/cdc2022-opioid-rec03-imp02.ace	af57f76352930e9a3d84aa7d3007b87fc5d1a0e26fe3aacfb547e3f358678d81	77
member	data/guidelines/cdc-2022-opioid/ace/cdc2022-opioid-rec03-imp04.ace	2e990ff89ca79da8ddba4851d3121ae36883fddbbb3a98eecfe7a3036a71cdd4	247
member	data/guidelines/cdc-2022-opioid/ace/cdc2022-opioid-rec03-imp05.ace	d92f7578c3786180803f7d8c9861b43ffe9f24bb289d50f7149ecd637140bc6b	515
member	data/guidelines/cdc-2022-opioid/ace/cdc2022-opioid-rec03-imp06.ace	b5e5e732ffb90fbdcbf04c12987f380f34e8eb6b9e54eb167a9cd441833c5fe1	91
member	data/guidelines/cdc-2022-opioid/ace/cdc2022-opioid-rec03-imp07.ace	b78773db0f9f29f40dd618c6dddac4aafae15b5a5a02fcf51cdcceccedeca72f	652
member	data/guidelines/cdc-2022-opioid/ace/cdc2022-opioid-rec03-imp08.ace	4a215a24449cbb181983d54ac5dc9e7a487c6d88e0df719f7e0a0dccb2a1ce9e	414
member	data/guidelines/cdc-2022-opioid/ace/cdc2022-opioid-rec03.ace	cfdfeb59a386db0136809bc8e4ac795154683c9e2d2e86d3f1898d91621c986c	708
member	data/guidelines/cdc-2022-opioid/ace/cdc2022-opioid-rec04-imp01.ace	88cff65692bd021f33a1e81725736bb63df0e9ae0d438fc5d5ee4af0cfcd50e7	239
member	data/guidelines/cdc-2022-opioid/ace/cdc2022-opioid-rec04-imp03.ace	5fdd549cbdae5ecd0399bfa22c7d29b17160dcd97470f4fdc3f5c62ab8d00a08	220
member	data/guidelines/cdc-2022-opioid/ace/cdc2022-opioid-rec04-imp05.ace	37c5a2b7c0dcf3e05e5a4daea814b5528c9cb04cf3a5c1095712eb7ba50abbbb	440
member	data/guidelines/cdc-2022-opioid/ace/cdc2022-opioid-rec04-imp07.ace	76a9be7e2a645f1955f3175e2f634515ba3152dfb8f67ac50258f025f28273a4	186
member	data/guidelines/cdc-2022-opioid/ace/cdc2022-opioid-rec04-imp08.ace	ea4944bf60c52132b639f5a09af9ef3e34a7596219837ba1da8528456a383036	128
member	data/guidelines/cdc-2022-opioid/ace/cdc2022-opioid-rec04-imp09.ace	952838224a7389bfe35c23a5a6aef985103b74a6150faf3306945e37d972da3b	574
member	data/guidelines/cdc-2022-opioid/ace/cdc2022-opioid-rec04.ace	7551395b901785b7b0bf7b1295ae6003748ff2af4cadf0bf057d6222582a6ec5	1558
member	data/guidelines/cdc-2022-opioid/ace/cdc2022-opioid-rec05-imp04.ace	92caebd100e12f6c51798067887134caa12f6c49924d7b4171218a19607c09fe	260
member	data/guidelines/cdc-2022-opioid/ace/cdc2022-opioid-rec05-imp05.ace	cc114aabb91884ac8f44b9b1e80f03c24190c9051987bcf1fc17e38de816c72c	261
member	data/guidelines/cdc-2022-opioid/ace/cdc2022-opioid-rec05-imp06.ace	66a213aa741e4271a89b30c3463b09b8525468e8d1fc65e9bb8aadbb3e87ebf4	465
member	data/guidelines/cdc-2022-opioid/ace/cdc2022-opioid-rec05-imp07.ace	a14f67b915919aef2c815be23a2909a72f4424dd70a95c3f3781229df2a36438	198
member	data/guidelines/cdc-2022-opioid/ace/cdc2022-opioid-rec05-imp08.ace	5bd40141a0815ff24a1d15eb2c7864f7f23f9921d0f0630f0d3e9c8584dc5abf	140
member	data/guidelines/cdc-2022-opioid/ace/cdc2022-opioid-rec05-imp09.ace	58999ae126bc8e2d7c6704b75a63f46ec987bd8aa9055845f07117aa20a7ac01	594
member	data/guidelines/cdc-2022-opioid/ace/cdc2022-opioid-rec05-imp10.ace	00a5987de7c27a3945b4616f7e6b6eed8d9e86318ac3261d3e61c06d0d225951	193
member	data/guidelines/cdc-2022-opioid/ace/cdc2022-opioid-rec05-imp11.ace	210e34ae80e62b72a01ffa58c1c38bdb479b8bf95500698ca7d6d27944df295d	87
member	data/guidelines/cdc-2022-opioid/ace/cdc2022-opioid-rec05-imp12.ace	6b4f3d22daa9868df63c2a3322011167d06365a4315fd47e5a4e991ed9cb8f67	358
member	data/guidelines/cdc-2022-opioid/ace/cdc2022-opioid-rec05-imp13.ace	68f959c19db27570cba6dda598ed8ccb384dd0c5a39e644dcb89010cee683e8b	150
member	data/guidelines/cdc-2022-opioid/ace/cdc2022-opioid-rec05-imp14.ace	d165b315cf8de35816887c2f907f033e9cef9d6994ed0a1c7f6429ffe88cf7b8	85
member	data/guidelines/cdc-2022-opioid/ace/cdc2022-opioid-rec05-imp15.ace	4663c3a9e955bc357690b470bdf4b9d557031f066de92c8889a33d8f8dbb9828	179
member	data/guidelines/cdc-2022-opioid/ace/cdc2022-opioid-rec05-imp16.ace	3b1efaa19919178f01c5732d34615689b791ecac1f62a982f4a67c45ebc3cd5d	354
member	data/guidelines/cdc-2022-opioid/ace/cdc2022-opioid-rec05-imp18.ace	7cd13ad88e69eb568e4e4f137726c33c2f953ffc69b4d8454cbd087dbaaf5413	261
member	data/guidelines/cdc-2022-opioid/ace/cdc2022-opioid-rec05-imp19.ace	5c7643a39a8ab1afd1d22278d61b013fcf39066e982dd270bdba6c11b60386b2	231
member	data/guidelines/cdc-2022-opioid/ace/cdc2022-opioid-rec05-imp20.ace	12b7095a512dbcb298dd1d4c1b874ca3c012c1bd39d850d9c002ddfeeaa2fee1	193
member	data/guidelines/cdc-2022-opioid/ace/cdc2022-opioid-rec05-imp21.ace	0efd081fec7c2db9981dab797d36a11888cfde7a3790d38c285d1f9e97a766c1	299
member	data/guidelines/cdc-2022-opioid/ace/cdc2022-opioid-rec05-imp22.ace	8c6c811501dd83b324aac4bc3639adb56e52f7b07802e29d9b760375e455cd5c	440
member	data/guidelines/cdc-2022-opioid/ace/cdc2022-opioid-rec05-imp23.ace	4ee680699637e85007499508ec9181afcb9d44cf68aaeeb2345974d0b5cb73cc	397
member	data/guidelines/cdc-2022-opioid/ace/cdc2022-opioid-rec05-imp24.ace	6d6b3149138e48dc1a005efad6d77d170ab939c9c92a97deadc17393368e3fc4	191
member	data/guidelines/cdc-2022-opioid/ace/cdc2022-opioid-rec05-imp25.ace	d6c8d2783f52c9f41e3ae5955e599bdd1d44b070842f6939ffc439d8395e782a	442
member	data/guidelines/cdc-2022-opioid/ace/cdc2022-opioid-rec05-imp26.ace	9f3fb807e00941484f647cbbbb1986b61ea4188c3340fe600b62cefb694a3c64	358
member	data/guidelines/cdc-2022-opioid/ace/cdc2022-opioid-rec05-imp27.ace	4ad60836b51aa772c866a76341808739998aa19658b65e43264d4469ee1a1c3e	160
member	data/guidelines/cdc-2022-opioid/ace/cdc2022-opioid-rec05.ace	805369723025b7c166414367ebee2233e41438d609100fa95efac5fa11083eda	784
member	data/guidelines/cdc-2022-opioid/ace/cdc2022-opioid-rec06-imp02.ace	24b840457fac5b653807acfaaf090929aac5b5a21cad08969b9913e77e8a8a4c	163
member	data/guidelines/cdc-2022-opioid/ace/cdc2022-opioid-rec06-imp03.ace	030da1015416e6e3e8c1fee6766e9a6d1aced1409eea49a1026f8d43b5c96579	77
member	data/guidelines/cdc-2022-opioid/ace/cdc2022-opioid-rec06-imp04.ace	996f9d71e42d0438620f35a816d33db74e470e74c215034a525cb3d3a71ee7fe	637
member	data/guidelines/cdc-2022-opioid/ace/cdc2022-opioid-rec06-imp05.ace	568f5e22dae75bdcb70aefd60d16430e92c0bb5fb10fb4e19ff2f8e36bef5343	331
member	data/guidelines/cdc-2022-opioid/ace/cdc2022-opioid-rec06-imp06.ace	976d52093b3de8aaccd8f0b349eafcfd9a8a8f22993402097f8a6157b0ab5e82	860
member	data/guidelines/cdc-2022-opioid/ace/cdc2022-opioid-rec06-imp07.ace	6436075f3e81e93bb820fafc279cd17d3d4509fd96c8747116fe4b69116e69de	159
member	data/guidelines/cdc-2022-opioid/ace/cdc2022-opioid-rec06-imp09.ace	956f6ab8d50aba54213c86ad4d7a5a618f5dda4d15f6747c4c72e3ef519b23f4	321
member	data/guidelines/cdc-2022-opioid/ace/cdc2022-opioid-rec06-imp13.ace	fbc9f1df5712b14d7b002e3ec97a097e90d6d3f2c8d0dd10c4f89e86a5100e48	223
member	data/guidelines/cdc-2022-opioid/ace/cdc2022-opioid-rec06-imp14.ace	4efbfb1be1b5e403b66468d9a460da945b59b8607ce01c68989ec92e8052afde	216
member	data/guidelines/cdc-2022-opioid/ace/cdc2022-opioid-rec06-imp15.ace	5c6393c7aebefc49341b3ffbf1309505ac657130e616bcd825b043a126efa6c8	352
member	data/guidelines/cdc-2022-opioid/ace/cdc2022-opioid-rec06.ace	3fb9daa7136b6c988cce4863837cae390c6d263828ab9046d3cb92a4943687fd	222
member	data/guidelines/cdc-2022-opioid/ace/cdc2022-opioid-rec07-imp02.ace	01532e77f3d7ffa82bc96fa90cd1aa674c11cc679daa1ca808472a481dafc3db	477
member	data/guidelines/cdc-2022-opioid/ace/cdc2022-opioid-rec07-imp03.ace	eacef80acd9c77d1acbb5610c815607c87ed2b4106c6181a4b367c7d38e380c0	295
member	data/guidelines/cdc-2022-opioid/ace/cdc2022-opioid-rec07-imp04.ace	77c3d7b0dc82d5c5d3387855eae4198667bf371f898c28155e26d9d9d6f1fcad	565
member	data/guidelines/cdc-2022-opioid/ace/cdc2022-opioid-rec07-imp06.ace	16a8fd4c4d3f291a574543f0b0e8e2edd9b3cf2027216758e24d113981ff9089	638
member	data/guidelines/cdc-2022-opioid/ace/cdc2022-opioid-rec07-imp08.ace	8292d6c92c3d95d39a8264a5fd397042e0895479c2c42c7b85c2c834d97e8885	762
member	data/guidelines/cdc-2022-opioid/ace/cdc2022-opioid-rec07-imp09.ace	ab071c6b4bf0e5d8d5efefe90768e1bda56fa71b85cfc5aa2d51b3813438a5ae	215
member	data/guidelines/cdc-2022-opioid/ace/cdc2022-opioid-rec07-imp10.ace	398696a147ff8b4962176d048d759bf196b3e9a1d31c56a5fd906c520a452a4d	370
member	data/guidelines/cdc-2022-opioid/ace/cdc2022-opioid-rec07-imp11.ace	395588c7e5a9cc86e473a76b374b6890b8607bdb1f481e3b2c1b0e4aa80b4293	449
member	data/guidelines/cdc-2022-opioid/ace/cdc2022-opioid-rec07-imp12.ace	8ff043735afcce50851ab5d96667a26b618b61d2c1798b5d960cad282165b378	645
member	data/guidelines/cdc-2022-opioid/ace/cdc2022-opioid-rec07-imp13.ace	11a34e84325ad3947b9f80df5c6fe3765db4b2476afaea5c6211dc8d6d8c10da	347
member	data/guidelines/cdc-2022-opioid/ace/cdc2022-opioid-rec07-imp14.ace	2fd0fc58e0b6ab5c7c15f939dc2bb51285a1c4d2cbdaf663582db214c473cc4b	372
member	data/guidelines/cdc-2022-opioid/ace/cdc2022-opioid-rec07-imp15.ace	b028de4803b5eb5ac965d5c50c5d410906ef5b2b0160268c1975aa74116959a2	1496
member	data/guidelines/cdc-2022-opioid/ace/cdc2022-opioid-rec07.ace	4a5e43df4c55a3b0b1756ffb1618ed41334d01549ef883653b7cdae0799ac50f	1216
member	data/guidelines/cdc-2022-opioid/ace/cdc2022-opioid-rec08-imp01.ace	7fa2fb6afe9839dea3618ca4be689aa0dae62eeb3e8bbf350d9806073512e052	675
member	data/guidelines/cdc-2022-opioid/ace/cdc2022-opioid-rec08-imp02.ace	3f24f63d0d33479368ae1ec8068e7ed80425c39dc40ad69fa3b014a7b8377804	380
member	data/guidelines/cdc-2022-opioid/ace/cdc2022-opioid-rec08-imp03.ace	ab93e04b88798415ff1ad381fefc70c96f18276d56d9616515c523db96b91301	1129
member	data/guidelines/cdc-2022-opioid/ace/cdc2022-opioid-rec08-imp04.ace	9d40952af579a37ea2a1f8b71511640d50cadfc5db3e3a3e9cb9124dec4587dc	410
member	data/guidelines/cdc-2022-opioid/ace/cdc2022-opioid-rec08-imp05.ace	46cedeb813d575fe2a15d20bbfaa023a71a82286a6021b82c4340a533b7d7f42	392
member	data/guidelines/cdc-2022-opioid/ace/cdc2022-opioid-rec08-imp06.ace	57b288be9ec81f1636deb3c27cc23a39a28ba61bcac6afefcb3402bbe87c6995	275
member	data/guidelines/cdc-2022-opioid/ace/cdc2022-opioid-rec08-imp07.ace	d7993e37a33b12588a98d8460521a3b60e2b2e07f29fcfb79ddd1d019be17490	251
member	data/guidelines/cdc-2022-opioid/ace/cdc2022-opioid-rec08-imp08.ace	088ab872e7e3b2699a816a46c95df1a9552e13d267ec4ce2be8d737583853dc8	376
member	data/guidelines/cdc-2022-opioid/ace/cdc2022-opioid-rec08-imp09.ace	56af5bd2d320feed64466b4f0f310deebe3698cae7ec80c1b3b09394356c31bb	263
member	data/guidelines/cdc-2022-opioid/ace/cdc2022-opioid-rec08-imp11.ace	29a88dcb74f6a550db5ec8c18d8582a3cba90ad6f392631c5ec672f8d3093b95	465
member	data/guidelines/cdc-2022-opioid/ace/cdc2022-opioid-rec08-imp12.ace	af2ce1e68ae4e128d0c1da8c7068959621f0e9363ae4bea87e260aca19a75bc7	704
member	data/guidelines/cdc-2022-opioid/ace/cdc2022-opioid-rec08-imp13.ace	7d0aac55fcaf4d335c71844a32dc6f5322d3073bb401c264effdd6ff438ac72a	430
member	data/guidelines/cdc-2022-opioid/ace/cdc2022-opioid-rec08-imp14.ace	06fe3d3ab999189b9da043fdf62bbb450dce7ea3e96bff095fb86e2936086541	959
member	data/guidelines/cdc-2022-opioid/ace/cdc2022-opioid-rec08-imp15.ace	6c022c14eb832cdb779b9eca5c3a0a2efdb86a89f7d74fd13145ea3fdbecd5ee	431
member	data/guidelines/cdc-2022-opioid/ace/cdc2022-opioid-rec08-imp16.ace	0f8d2d186273d2c1e6c95c8fcf1b5074e0d425c664688846ca5acd7d682dc402	334
member	data/guidelines/cdc-2022-opioid/ace/cdc2022-opioid-rec08-imp17.ace	82b8fb9c68bd2d2f3904aad51d246099bd186d16dce382cba6aa4072f8ef8bf0	164
member	data/guidelines/cdc-2022-opioid/ace/cdc2022-opioid-rec08-imp18.ace	e6f8878ae86a252db1356e6ffbee9684fa11117760e874637adf46c953674aa7	628
member	data/guidelines/cdc-2022-opioid/ace/cdc2022-opioid-rec08-imp19.ace	369527e4ff322ecd8caf569efd3b2c70415c7b4ea27daeb3e8b7102ccb00e916	324
member	data/guidelines/cdc-2022-opioid/ace/cdc2022-opioid-rec08-imp20.ace	547d5f74c21877b41fdb722e8fa632d4f78f2f4711bec54a7fd2e9f87dbfe98e	668
member	data/guidelines/cdc-2022-opioid/ace/cdc2022-opioid-rec08-imp21.ace	a68dd95fcbefba6b5c2f7a9521ee8e73b745a7b6420c3a44e0f3b60306d95488	561
member	data/guidelines/cdc-2022-opioid/ace/cdc2022-opioid-rec08.ace	54ea37b21802df4781dd8c6b51271dc6cfcd2b676a25f159d83976ce684ca54d	503
member	data/guidelines/cdc-2022-opioid/ace/cdc2022-opioid-rec09-imp01.ace	7b3c7a9cecb0ad7d0dc8897856fd8b3ce16e291a1374f15e5fc990e01121e38a	459
member	data/guidelines/cdc-2022-opioid/ace/cdc2022-opioid-rec09-imp02.ace	1d61b9e54bde4025c32f5daaf93826902a6710b6ea1316e5844ce21f820cc22f	879
member	data/guidelines/cdc-2022-opioid/ace/cdc2022-opioid-rec09-imp03.ace	bd81263ea0f52fe5115ef90e414d363cd38535bd3521d98fde7b04eee7791377	430
member	data/guidelines/cdc-2022-opioid/ace/cdc2022-opioid-rec09-imp04.ace	5dfb6ede0be802dd213567634900f5ea5282ca584177406aad10a25953987b2b	202
member	data/guidelines/cdc-2022-opioid/ace/cdc2022-opioid-rec09-imp05.ace	6c706171426cf6e702f14fa46a3ea730b156e17d7f976154d071f462e088ad3f	831
member	data/guidelines/cdc-2022-opioid/ace/cdc2022-opioid-rec09-imp06.ace	b8bae2e4c0f522c2b678e6151c87a93affe8b876c121e0c44cbae72593f7bf55	491
member	data/guidelines/cdc-2022-opioid/ace/cdc2022-opioid-rec09-imp07.ace	0cfcbe8ceb2c498dd8939a99f4004935615fc5a93766f7b6cf8a63b445bf5164	232
member	data/guidelines/cdc-2022-opioid/ace/cdc2022-opioid-rec09-imp08.ace	3aa96d7fb274a878e1e65b020f3573c9e0b873e82c19d0133735d260b80beb1c	124
member	data/guidelines/cdc-2022-opioid/ace/cdc2022-opioid-rec09-imp10.ace	0a3f84d6cda0bbc858274365e6ef2b1042d25ddd3159009803462deacd9ed0c9	310
member	data/guidelines/cdc-2022-opioid/ace/cdc2022-opioid-rec09-imp12.ace	7ec6d93eac3fcdb7068ee69c8ab9b7c857068d6166293133a0f330e9aaca4717	634
member	data/guidelines/cdc-2022-opioid/ace/cdc2022-opioid-rec09-imp13.ace	7447e9718e8ae35bfd76065caf01ffcaed38bde8e35638fbd650c897af80cbeb	352
member	data/guidelines/cdc-2022-opioid/ace/cdc2022-opioid-rec09-imp14.ace	4246c80c6a894f73eea7abeec4837ce61035befc6f3cc6f4b199aaa13a89f4f4	372
member	data/guidelines/cdc-2022-opioid/ace/cdc2022-opioid-rec09-imp15.ace	cb744f746f1076025b4347f4f4df8715d7ef6b6b1bda6854a3e8e525a2a46298	249
member	data/guidelines/cdc-2022-opioid/ace/cdc2022-opioid-rec09-imp16.ace	e309907420fb0ec0e138ee5dd7ce6ba37037df098d0f56cc4ef8644d292a2186	272
member	data/guidelines/cdc-2022-opioid/ace/cdc2022-opioid-rec09-imp17.ace	6d4e3bb53022f71aec3216d625e35334f87bf5dc787e625e2cab96963139fa46	253
member	data/guidelines/cdc-2022-opioid/ace/cdc2022-opioid-rec09-imp18.ace	324d8472cebadb382fccff544bb404346e1a74c7b4a1015fbb09938fb19f7205	183
member	data/guidelines/cdc-2022-opioid/ace/cdc2022-opioid-rec09-imp19.ace	41c2d99f2e46a4caa7218efc99db793230e37b2ab3ffe11298c7aec47c4c0a99	264
member	data/guidelines/cdc-2022-opioid/ace/cdc2022-opioid-rec09-imp20.ace	0a5a22c41c645f8c4532f78a1d5f58eeec713a6fe213274d2b8f1e6d6e9876fe	185
member	data/guidelines/cdc-2022-opioid/ace/cdc2022-opioid-rec09-imp21.ace	c10d8e3d9112b4beda3a0bb8d8972ffe88be6c065c8ad7a123cc4ee1d130ac85	236
member	data/guidelines/cdc-2022-opioid/ace/cdc2022-opioid-rec09-imp22.ace	a1c8cca6023ee4333a2c21255f6d64d8807307d93f2075b89e7562894a653fc6	397
member	data/guidelines/cdc-2022-opioid/ace/cdc2022-opioid-rec09.ace	2bf2c74da662ce321ad85f0e5a001856e589da7bfd169fb648ab0203999cdeb9	885
member	data/guidelines/cdc-2022-opioid/ace/cdc2022-opioid-rec10-imp01.ace	a95b1ab359718ca2d67d9b2c4d66c504871f76fbf566f6bfd0360ce122a8b533	422
member	data/guidelines/cdc-2022-opioid/ace/cdc2022-opioid-rec10-imp02.ace	3543661a4d300073b1dcb8540d7beffb8ac2ae92b36ebc66b84d468fc39d0188	123
member	data/guidelines/cdc-2022-opioid/ace/cdc2022-opioid-rec10-imp03.ace	ef1485031e2c447ef6fcb7a8ecaf230c40d6ace04c5ca3580731e0453352235c	596
member	data/guidelines/cdc-2022-opioid/ace/cdc2022-opioid-rec10-imp04.ace	acbaca25f98cb4e264b1886877020168f3fc7b8f9fd2879f2f66922fbe117f56	584
member	data/guidelines/cdc-2022-opioid/ace/cdc2022-opioid-rec10-imp05.ace	5c8dbd4058b751f3f6150d713ed3e499db7a02586fec71eb60a4a10ec7a3186d	291
member	data/guidelines/cdc-2022-opioid/ace/cdc2022-opioid-rec10-imp06.ace	e4b323770bd9afec213d3e66323fa58f76316aa34dceba8702371fb5ffa51d66	178
member	data/guidelines/cdc-2022-opioid/ace/cdc2022-opioid-rec10-imp07.ace	efae824758307ae5c008e6d51136c33268a5540e8f4b102a0b8c008c9f75add7	585
member	data/guidelines/cdc-2022-opioid/ace/cdc2022-opioid-rec10-imp08.ace	56bbc26ef5a6568f0f1ad500cab570cc6cb403cf6366fe1f5249ccc5c3ba8b71	274
member	data/guidelines/cdc-2022-opioid/ace/cdc2022-opioid-rec10-imp09.ace	15439a0398bdff7f23eab972255d24ea3e7301db823e44bf5c368ee187135d10	264
member	data/guidelines/cdc-2022-opioid/ace/cdc2022-opioid-rec10-imp10.ace	cabd7e6a6257ebb4cfbb575fcde9d37405e8dd5279ce989cab3d31252a537e7c	1075
member	data/guidelines/cdc-2022-opioid/ace/cdc2022-opioid-rec10-imp11.ace	a4f2cd50d805146a154fe3235894292224f1b6668d0289e19d49f248514907a6	245
member	data/guidelines/cdc-2022-opioid/ace/cdc2022-opioid-rec10-imp12.ace	ddd76b799c197fb245bde5dd173b4b62ce07054dffea83dc8c99b4104dbfd620	210
member	data/guidelines/cdc-2022-opioid/ace/cdc2022-opioid-rec10-imp13.ace	f118cec2d1cf3933e8cb6353499f76708026d54a5be8cec759597bafd186147d	281
member	data/guidelines/cdc-2022-opioid/ace/cdc2022-opioid-rec10-imp14.ace	f9f186045b9e469b25bce82eaf2c816e83c57952702bf67bedb381ee285c0e39	1194
member	data/guidelines/cdc-2022-opioid/ace/cdc2022-opioid-rec10.ace	3579624ea87b3150510d00a8aae6f1dda5976c4b69880e99fd79ef7d7dab73aa	537
member	data/guidelines/cdc-2022-opioid/ace/cdc2022-opioid-rec11-imp01.ace	da167dc23c1d86a58ef8b8dac5c220406a6b6fc8fc57f6a4be6684ce9e40bcec	343
member	data/guidelines/cdc-2022-opioid/ace/cdc2022-opioid-rec11-imp03.ace	be286b13ea1f8f3d91776db647e616da1e040796db5b15d43b1c8f7a5692b04e	539
member	data/guidelines/cdc-2022-opioid/ace/cdc2022-opioid-rec11-imp04.ace	6cf32989285f345b943a8a0bf01686944908d0e7a7828ca90f6c0247ea15b08e	324
member	data/guidelines/cdc-2022-opioid/ace/cdc2022-opioid-rec11-imp05.ace	439d06fca4d30a74c01f68bea16c875ed15a7aba9039d27696acab78f398b559	435
member	data/guidelines/cdc-2022-opioid/ace/cdc2022-opioid-rec11-imp06.ace	03f4e1dff04c8f9d9c4baa729128e8f78ab787c874e880371201a12391146c1f	99
member	data/guidelines/cdc-2022-opioid/ace/cdc2022-opioid-rec11-imp07.ace	8b4060a8450c6275f4f8a2257d8ef6bc8bd9031f14507e553be66969bc25316b	66
member	data/guidelines/cdc-2022-opioid/ace/cdc2022-opioid-rec11-imp08.ace	97cebd06f7719290500a280ce80734107e30bc54973e143f98f269710e82b575	910
member	data/guidelines/cdc-2022-opioid/ace/cdc2022-opioid-rec11.ace	8456cfd0033e19598eef8a4530f8d944285b411b2b3564d537942bcb9f8fcb8d	352
member	data/guidelines/cdc-2022-opioid/ace/cdc2022-opioid-rec12-imp01.ace	6f05b7a6c95b9b601e7f420054f87e7673587c7464a7b7b73ceac49ad10a9d36	320
member	data/guidelines/cdc-2022-opioid/ace/cdc2022-opioid-rec12-imp02.ace	45ed2535a4894def15f82fbbd8f1111a1e4557340cfa244a94af8d590fa099a9	85
member	data/guidelines/cdc-2022-opioid/ace/cdc2022-opioid-rec12-imp04.ace	2d92faa0fae6bf0a63fb1b71f99066b259f913aee06e7bc8d147054ce79743c1	302
member	data/guidelines/cdc-2022-opioid/ace/cdc2022-opioid-rec12-imp05.ace	65204a580ab3ced05feab73a3b7252b45382a85964d57af6548fb07827710d26	431
member	data/guidelines/cdc-2022-opioid/ace/cdc2022-opioid-rec12-imp07.ace	519dfc988d90e8759f416d6ed7d2afbb20811abccdc5775265a83d2b67b31ce2	1284
member	data/guidelines/cdc-2022-opioid/ace/cdc2022-opioid-rec12-imp08.ace	8bc5241a0478533edb454744067f274677c9ebc16acd194aad4549c72f1aebbe	344
member	data/guidelines/cdc-2022-opioid/ace/cdc2022-opioid-rec12-imp09.ace	99b48bd64c5611bb95615e5753ff0d0eb287d2db1b40760726c512b18b7b726a	786
member	data/guidelines/cdc-2022-opioid/ace/cdc2022-opioid-rec12.ace	81ba979f40a8af94fbddaf2bb5269245aa7d148af8b151e60ef47444d61aa0aa	457
member	data/guidelines/cdc-2022-opioid/ace/cdc2022-opioid-s10-04.ace	fde269a20d51ccbb3e94c37c83aeb3a0515b89c34d2435ff44a5ea38170ca92b	78
member	data/guidelines/cdc-2022-opioid/ace/cdc2022-opioid-s11-01.ace	a52bec7b9ab6afb16f6f7d80e1e89d6bce82a18f38d942913104d99e4d8af235	312
member	data/guidelines/cdc-2022-opioid/ace/cdc2022-opioid-s12-01.ace	7bf201e2905aee59f29bf833416fe376bdd24cb68770825ec3c0967fec0bb1af	217
member	data/guidelines/cdc-2022-opioid/ace/cdc2022-opioid-s12-02.ace	d6eb20804bcc6d391de2ecc64980416e5dc638393a70f602697c7cdad43ba51c	229
member	data/guidelines/cdc-2022-opioid/ace/cdc2022-opioid-s12-03.ace	2d70ab2b1563bc96d260a9e99691b1927f3a6ff789e97bf00a1ae54fb90fdaae	427
member	data/guidelines/cdc-2022-opioid/ace/cdc2022-opioid-s18-01.ace	e8df22fe7bf90e73d99557cdef25b86318489b2bc7e6f48585aad90c29d2f8b1	246
member	data/guidelines/cdc-2022-opioid/ace/cdc2022-opioid-s18-03.ace	28450821f8cf512e44942428570983dd00a8c15278af32d1800f1be91d25b587	355
member	data/guidelines/cdc-2022-opioid/ace/cdc2022-opioid-s18-06.ace	ce7bef5f0494748e2e3e73f9e50949557022dac69936dcd9365578b54034e1cf	773
member	data/guidelines/cdc-2022-opioid/ace/cdc2022-opioid-s18-07.ace	3587c453a7c2e81d1db3ff5a91322ff4849f1884b24ebf3552869ab65aa6643a	327
member	data/guidelines/cdc-2022-opioid/ace/cdc2022-opioid-s19-07.ace	9218b809b3f222e7884470246a3018750cca35c24b43cf738afa07c83fe45a73	1045
member	data/guidelines/cdc-2022-opioid/ace/cdc2022-opioid-s19-08.ace	be2769e197e693317777c257b3efd7d9ea59272a44ec61df6bd159632a757ba9	103
member	data/guidelines/cdc-2022-opioid/ace/cdc2022-opioid-s20-04.ace	4312bb7803bb55888e91780443426d1cfccd67005f740ba3984dcc09004c17ad	120
member	data/guidelines/cdc-2022-opioid/ace/cdc2022-opioid-s20-12.ace	d3909ea919db08a0694c204e8f49b2fbbc6a941937289c5d781b8c65cd3c4de7	154
member	data/guidelines/cdc-2022-opioid/ace/cdc2022-opioid-s21-02.ace	cc127ecdf3448b3673cfb863346c372d00f2d2b0757ae77356a9c55703f391fd	994
member	data/guidelines/cdc-2022-opioid/ace/cdc2022-opioid-s21-03.ace	983500416e2e3c3999273bd18ef97087c94e8777df93b9746b9959e3c058751f	965
member	data/guidelines/cdc-2022-opioid/ace/cdc2022-opioid-s21-05.ace	b0bbe6137c98493d79eee6388d610a44fcd1b87def071a037d28b07e70070e25	152
member	data/guidelines/cdc-2022-opioid/ace/cdc2022-opioid-s22-04.ace	811fa201e26c9d49df7a7eb7af987d0af06101a9a7d8fab5a4fba7bc11ab5c82	480
member	data/guidelines/cdc-2022-opioid/ace/cdc2022-opioid-s22-07.ace	7f8e797fe68dff01dc5039b7f13aeb17fec8eed9f1001ab4b74c004143264d2f	500
member	data/guidelines/cdc-2022-opioid/ace/cdc2022-opioid-s22-08.ace	89011b7743a03b22fcca6907f18a6a6d7d6046e5f622a3fd13e0c6a7e7034146	407
member	data/guidelines/cdc-2022-opioid/ace/cdc2022-opioid-s22-11.ace	bed13f5c554d41f56a31f7ba540798ce461dce3797d43ce6c223554086524bb7	240
member	data/guidelines/cdc-2022-opioid/ace/cdc2022-opioid-s22-13.ace	e5662b7af6c3877162b682505c4d3daa85be04c16907d861c2ccf04a3a6d076f	322
member	data/guidelines/cdc-2022-opioid/ace/cdc2022-opioid-s23-01.ace	3f022cdc29e0f0ce711a12a6aba8dbb15a56d045d67227da273cf5d64f9ec02e	158
member	data/guidelines/cdc-2022-opioid/ace/cdc2022-opioid-s23-02.ace	18dfd77d1627c3a8d7671e76b2b31c402bc790b6d578b2f6f807b2c70bccaea2	353
member	data/guidelines/cdc-2022-opioid/ace/cdc2022-opioid-s23-03.ace	fcc19657d5963dfaa8a525edfee197cae51269bf48971df34387c38a48638293	549
member	data/guidelines/cdc-2022-opioid/ace/cdc2022-opioid-s23-04.ace	e6feee7e9c206347e429741cdc62593f205481656c5b1600081d6569e9508e37	444
member	data/guidelines/cdc-2022-opioid/ace/cdc2022-opioid-s23-05.ace	458b102f4d44e5b752a6defe5fc97f811ae10c0f38d8ee5c19c5ce4606b352b3	155
member	data/guidelines/cdc-2022-opioid/ace/cdc2022-opioid-s23-06.ace	77706c97fe3020f34213eb251a640d375a85d93b1d1b3edf79780555299871da	144
member	data/guidelines/cdc-2022-opioid/ace/cdc2022-opioid-s23-08.ace	d20ab7384c62287149d43b4ffd0f5ae6273f84ad9eafdd754998e2d3cd144478	177
member	data/guidelines/cdc-2022-opioid/ace/cdc2022-opioid-s23-09.ace	1c31ecaf6de39cc875796a14dfdcbdb56ffc26f2be246759561880b08c095dec	131
member	data/guidelines/cdc-2022-opioid/ace/cdc2022-opioid-s23-10.ace	351c489c17d8324b79a3578aa0825b787b2ca56a308e24d038fe762fc1e24334	324
member	data/guidelines/cdc-2022-opioid/ace/cdc2022-opioid-s23-11.ace	5dd5aad73387df4e38569363d064aad24d4f5c2cbddaf1c4823fa36e062e7fa7	106
member	data/guidelines/cdc-2022-opioid/ace/cdc2022-opioid-s23-12.ace	695310bfd2d02a63040514e7e256c4276d3a3d982e36da1751e8978a25af694b	372
member	data/guidelines/cdc-2022-opioid/ace/cdc2022-opioid-s23-13.ace	11b474196848851ab8c7b4a12a0226c4f1b5591b8bc99e6f7ae21395da3cc35e	501
member	data/guidelines/cdc-2022-opioid/ace/cdc2022-opioid-s23-14.ace	3bebde236bbf71aa1cef00a9d771826baec8b04d163b45f03fe154e5c4b86a23	334
member	data/guidelines/cdc-2022-opioid/ace/cdc2022-opioid-s23-15.ace	5451bba6a267452e57ab54a0b9160fa7c9515a5205c13a9ded205b6c6f369c99	254
member	data/guidelines/cdc-2022-opioid/ace/cdc2022-opioid-s23-16.ace	cddca87d0edef2347a3fe845aff5c2f84701d8c36d29dd49e77667772a28e9a9	262
member	data/guidelines/cdc-2022-opioid/ace/cdc2022-opioid-s25-04.ace	eb2e61429d9133f19963dc1dfda23ce7725b85525e3f0c46d0882f2253e7587c	544
member	data/guidelines/cdc-2022-opioid/ace/cdc2022-opioid-s25-05.ace	675cb90e7c031a99553b23ba24c6dda4ef35013f7774a1e3681da86e07f27efa	224
member	data/guidelines/cdc-2022-opioid/ace/cdc2022-opioid-s25-08.ace	042b4856bed28344b198c98293f6ff4dad5848d589ca242fbc775fb2f916db05	423
member	data/guidelines/cdc-2022-opioid/ace/cdc2022-opioid-s25-09.ace	2bc2351c370b28469395eb2f66efb395da62b84e5fb3d60e82e61e21ea870148	198
member	data/guidelines/cdc-2022-opioid/ace/cdc2022-opioid-s26-01.ace	efe64f9ef9596489c20c0600fe981969995f5344cbef933cfc95dcdf53547be9	230
member	data/guidelines/cdc-2022-opioid/ace/cdc2022-opioid-s26-07.ace	342d9b7ecfac7876e4d34792c351df111e22eac4f52de209eb4c76fb7cac390e	343
member	data/guidelines/cdc-2022-opioid/ace/cdc2022-opioid-s26-08.ace	60ab539095021ce53ec0e10dcd30c00d08b3d4a5f2ef79059efc3641a48e0ecd	196
member	data/guidelines/cdc-2022-opioid/ace/cdc2022-opioid-s26-09.ace	93ce880f18013b011128014c4f287620b60733e94052672e04d73471d2c5eb3d	422
member	data/guidelines/cdc-2022-opioid/ace/cdc2022-opioid-s27-05.ace	eeadefa5fc8d8bffa15aae1172d81ba3ade1d9014b4a646a7bbf5fa17ee337da	561
member	data/guidelines/cdc-2022-opioid/ace/cdc2022-opioid-s27-09.ace	620763e3366056ff31fd11ff2a498fe4d5c9b662591e5c76fa5d164c830193fd	196
member	data/guidelines/cdc-2022-opioid/ace/cdc2022-opioid-s28-10.ace	d4e0a3408c1850d33c4641b7644ecc7686f07455cfd86c1ef97900a7be098cac	445
member	data/guidelines/cdc-2022-opioid/ace/cdc2022-opioid-s28-11.ace	c6ef0854ffc7b4fb8bd7b120120fb37773cda24c33fbd5b373ef0852e8bd7e73	264
member	data/guidelines/cdc-2022-opioid/ace/cdc2022-opioid-s28-13.ace	69c63a8d8ad5c624ec4076f460e828363782822633f16cc5e690fc328ce120c6	428
member	data/guidelines/cdc-2022-opioid/ace/cdc2022-opioid-s29-02.ace	c811ddd72ff48ca4073935f06bbee4feb60c3a659aa4b1d3232c33bde8399ff2	366
member	data/guidelines/cdc-2022-opioid/ace/cdc2022-opioid-s29-03.ace	7767f34b21443eb5a09eccb5784fe620e7ae36c37d30f98c1856316033af25c6	348
member	data/guidelines/cdc-2022-opioid/ace/cdc2022-opioid-s29-04.ace	aacea098fb804e5d7dd9820959121571844f23c70a0ef6ffd23cf3ac8ebdb35b	192
member	data/guidelines/cdc-2022-opioid/ace/cdc2022-opioid-s29-17.ace	42ac2ddfbb00b68181c77b2fcb153b4101053f28ee84d8eb2123a8f72f86d4ca	782
member	data/guidelines/cdc-2022-opioid/ace/cdc2022-opioid-s29-19.ace	10839e0e8342643b2aa38efe30d0ec8e95f23f218703ac94f1854e1083faf899	253
member	data/guidelines/cdc-2022-opioid/ace/cdc2022-opioid-s29-20.ace	07300be6b8b31c8cf055c9ed99237c233830fd9c99c8a3b65f00a134c14c507c	229
member	data/guidelines/cdc-2022-opioid/ace/cdc2022-opioid-s3-01.ace	984e377bd1e9b88786fdbdb09c5f608f16247671b67e0cb1207262ba44a1deda	188
member	data/guidelines/cdc-2022-opioid/ace/cdc2022-opioid-s3-02.ace	7067a4cc33f497750a42d2e1ea0c6a6f58d96272ace53e2ff600f6a6ad789623	52
member	data/guidelines/cdc-2022-opioid/ace/cdc2022-opioid-s3-03.ace	34bf4c6964c27ffadbe103316fe41c00118807193d5dc666c94a6bb6654ded02	263
member	data/guidelines/cdc-2022-opioid/ace/cdc2022-opioid-s30-02.ace	1c99fb49d50b879a6b6fc7fc64d7c685c7961af0faab78d2c2aeca2000c75b8c	253
member	data/guidelines/cdc-2022-opioid/ace/cdc2022-opioid-s30-03.ace	a6ddf11c2d084f0a4c6a08417a972e2566503ab6bac870fa7d32a702ba554d30	146
member	data/guidelines/cdc-2022-opioid/ace/cdc2022-opioid-s30-05.ace	16ce2b46e972e18d509df003146d8c17b65308e06dad602acbd8c76e48df3a70	221
member	data/guidelines/cdc-2022-opioid/ace/cdc2022-opioid-s30-06.ace	337700aad4380438109675df74fd34765ebe2137d21139fef5d7f75119d519e6	463
member	data/guidelines/cdc-2022-opioid/ace/cdc2022-opioid-s30-07.ace	111de99f62c963fd4c0affff131795e929a9538befd79ae409634a375c998f64	115
member	data/guidelines/cdc-2022-opioid/ace/cdc2022-opioid-s30-08.ace	379ec153de6e7b144285e32fc6a37296d79222597f1808cbf3505385473615e1	194
member	data/guidelines/cdc-2022-opioid/ace/cdc2022-opioid-s32-02.ace	f67e8bd47d827344ee8f728cd67d128b93ee814c768c886215ed610c51cb511c	195
member	data/guidelines/cdc-2022-opioid/ace/cdc2022-opioid-s32-03.ace	414db34c4d691af685ca5e4815386dd16ba57a312da738b18552131234583200	187
member	data/guidelines/cdc-2022-opioid/ace/cdc2022-opioid-s33-01.ace	4d60fe7c1fe9f6bba1c8e90f4ad1607edf66629ef64f577e5c725e9d7fb0205a	105
member	data/guidelines/cdc-2022-opioid/ace/cdc2022-opioid-s33-03.ace	0a1d1d27cc71b9db7b6474be9674dfee04b35170b616e0ea80b99060378c2da7	180
member	data/guidelines/cdc-2022-opioid/ace/cdc2022-opioid-s33-04.ace	b3e71bd332ee82342bdc92186e57d92a3aa95e0b5f85bc74917c6f796c1e17f2	85
member	data/guidelines/cdc-2022-opioid/ace/cdc2022-opioid-s33-05.ace	e6f6ec7a6415cfcce825430de29e48b17830cc36d9f095c0a62f70947fe13f95	309
member	data/guidelines/cdc-2022-opioid/ace/cdc2022-opioid-s33-06.ace	cb891c058b9b75437b7e96072496879920b4263ee6608d45aa404607a942f854	95
member	data/guidelines/cdc-2022-opioid/ace/cdc2022-opioid-s34-04.ace	dcaf4fe8d8b86f361bb7418ae9ac30000470ce222b383f551f9afa4928e7f441	381
member	data/guidelines/cdc-2022-opioid/ace/cdc2022-opioid-s34-05.ace	7fbd43e1420f8dc0704cd2b7a9cc351085c6229d882f1583c82b91d9efbc518a	254
member	data/guidelines/cdc-2022-opioid/ace/cdc2022-opioid-s34-07.ace	e703c3015da59a1a86bc33c988cb416c07577878a9e13feae80ca789b37a438f	187
member	data/guidelines/cdc-2022-opioid/ace/cdc2022-opioid-s34-10.ace	8f0d72eaea9819419bb6e81ffc21e8e52b9230d5d45e13c9ddecdebf1b2484c0	424
member	data/guidelines/cdc-2022-opioid/ace/cdc2022-opioid-s34-14.ace	9b6f001b95c301598e54a5f37b49da313fa0b4420b141a3b14825748b49d168b	104
member	data/guidelines/cdc-2022-opioid/ace/cdc2022-opioid-s37-10.ace	ad7d8f0934031a27e52fe01a7128265668a2071d1531209e95dc181011d2b918	171
member	data/guidelines/cdc-2022-opioid/ace/cdc2022-opioid-s37-11.ace	301ed83e2826216533350b20801171b058e52fe6bfddeea375a99400018feae1	204
member	data/guidelines/cdc-2022-opioid/ace/cdc2022-opioid-s37-12.ace	668cdc16ef97a1184555fb7ca65f420d561c6afd48554018a628a267604d8d2a	59
member	data/guidelines/cdc-2022-opioid/ace/cdc2022-opioid-s37-13.ace	a4ac52af9ff1ee41a13bbbc3e122889a3bc1b948ae802f3adbecf7dcc788bb5a	98
member	data/guidelines/cdc-2022-opioid/ace/cdc2022-opioid-s37-15.ace	ae70c7cdc676ee26df8d9041885914632dfb31a86d484a7e4da8b81ab5df2856	91
member	data/guidelines/cdc-2022-opioid/ace/cdc2022-opioid-s37-19.ace	8c5aeb573b4384f65159e208629b09c7c4d79a96360d309afd87edab992a1c49	177
member	data/guidelines/cdc-2022-opioid/ace/cdc2022-opioid-s38-02.ace	56241ca91096820bd95a9dc2e0ffd50325839216d3aa82d927a52fb24b039ead	389
member	data/guidelines/cdc-2022-opioid/ace/cdc2022-opioid-s38-03.ace	ac68dd9faaaaf6b673cf1e382e55bae765cb34eb35f32aa17eee96ed2b00688f	457
member	data/guidelines/cdc-2022-opioid/ace/cdc2022-opioid-s38-04.ace	038263eae45cb70c3e1187ba745a537a884baeaebeb3eaf5565ef4aadbfdd8e0	289
member	data/guidelines/cdc-2022-opioid/ace/cdc2022-opioid-s38-05.ace	c49aa3860c2845ea3caabdac7f017710a9ea6d6d93a2a7a7b33535164cf9c837	109
member	data/guidelines/cdc-2022-opioid/ace/cdc2022-opioid-s38-08.ace	48775fdcf13532a16f79ae7b730bb2758b23b5c0f5a82b4c05d1553afdfdbd1a	261
member	data/guidelines/cdc-2022-opioid/ace/cdc2022-opioid-s38-11.ace	7e0915b505f740afc30d7d965295183e35c0c90e761c8093cdfc287bf6469d9b	562
member	data/guidelines/cdc-2022-opioid/ace/cdc2022-opioid-s38-12.ace	e4682b8f6271a41ce647162acdf8846149c3a898091e2622d4bfb7ca22f8dc52	383
member	data/guidelines/cdc-2022-opioid/ace/cdc2022-opioid-s38-16.ace	e726ed7c920a94ba89663b22a4918b23bb46472a26755c83273f798322471954	199
member	data/guidelines/cdc-2022-opioid/ace/cdc2022-opioid-s38-17.ace	e8d7a7031f22e66b4a25643d11c448382c89230053555806eb387b3dcecd5c89	257
member	data/guidelines/cdc-2022-opioid/ace/cdc2022-opioid-s39-01.ace	d9ba9ab51d54d9123ab10a50b1b6dbd46896600cf08feb7f5b8d43bcbd17d769	413
member	data/guidelines/cdc-2022-opioid/ace/cdc2022-opioid-s39-07.ace	416d90f8e9944c97fbb389bfceb6e4e6fc97bcd6ea18dca4e023d86867202eaa	123
member	data/guidelines/cdc-2022-opioid/ace/cdc2022-opioid-s39-09.ace	f53ea1bccae3198060f4d25375905e4e56049952303f89a6aa586846ef7658b9	81
member	data/guidelines/cdc-2022-opioid/ace/cdc2022-opioid-s39-10.ace	af2f4428a89205baecb855938690f01e4546cf5b4c0cac994bd8573a4c2d38fc	266
member	data/guidelines/cdc-2022-opioid/ace/cdc2022-opioid-s39-12.ace	523ebc5f8379eb13158c4e06130917a83fae93e8d31d5c284c3b07f2831b96b5	437
member	data/guidelines/cdc-2022-opioid/ace/cdc2022-opioid-s39-16.ace	b2f55eb739d7dcdb281c014588f0e72bbe2dbf55554cef846467c8c47f497486	129
member	data/guidelines/cdc-2022-opioid/ace/cdc2022-opioid-s40-01.ace	ef01088213835e0fc5cc163858d23cd81b2c2498fc1c99add20a1909d136c9b4	1764
member	data/guidelines/cdc-2022-opioid/ace/cdc2022-opioid-s42-15.ace	9af0b395018f76e2f670d29dd19804d2ca335d3faa7b0e380ccbae7bd26042b2	350
member	data/guidelines/cdc-2022-opioid/ace/cdc2022-opioid-s42-16.ace	9ab92f5bd4bc4dfc3b9251aeb7f3a53ce1e164c0e8ea44fedc62758b3299253f	248
member	data/guidelines/cdc-2022-opioid/ace/cdc2022-opioid-s44-04.ace	932afd796794704396baee521ebadee3a3ea098326df2e592267cc1a7daf506f	971
member	data/guidelines/cdc-2022-opioid/ace/cdc2022-opioid-s44-17.ace	fbb6fd6f96745c3bdb1230acf81dc74a242f6c3ea37fb2fa1541258ede11c94a	668
member	data/guidelines/cdc-2022-opioid/ace/cdc2022-opioid-s44-18.ace	5f1d9c90b54dfab2c47838ad3bf86e842995fd8900d0aefd80b93cbe4b883ed7	375
member	data/guidelines/cdc-2022-opioid/ace/cdc2022-opioid-s45-01.ace	cb7dea4ac8df517861f7bd4acb25fb455c5dd5f25e747e2d1c96034115e1caea	181
member	data/guidelines/cdc-2022-opioid/ace/cdc2022-opioid-s45-02.ace	595c910340e20e60c0829555325cd09d0c32ab14093e058a144173aaa5606b03	660
member	data/guidelines/cdc-2022-opioid/ace/cdc2022-opioid-s46-11.ace	a1eeede0709dcc81e61a76c8679ec978e905a1e7b670776412530439be6d126c	381
member	data/guidelines/cdc-2022-opioid/ace/cdc2022-opioid-s46-16.ace	ebdded13339d8d586a9501754f05b4522cfc07df5d7fad832ebabbb0d63e9e2f	228
member	data/guidelines/cdc-2022-opioid/ace/cdc2022-opioid-s47-01.ace	a748ea4658e1c2a44abc1a648bf5f99a8acc417206423361678ef56d59fd457c	837
member	data/guidelines/cdc-2022-opioid/ace/cdc2022-opioid-s47-05.ace	85121ef23dafc39e7bb3b8f074cad277fe00dafd07025aad7bfa97e0ddb2d1bf	321
member	data/guidelines/cdc-2022-opioid/ace/cdc2022-opioid-s47-06.ace	251fcef5692e1c71bc045d0d25f2b15b8113f28c0315c35ee3d4b005b36c8410	318
member	data/guidelines/cdc-2022-opioid/ace/cdc2022-opioid-s47-07.ace	7e201a460229fcd922b2ee37ab43263bd75eec2df08a5f695eb5c7f73abe3275	301
member	data/guidelines/cdc-2022-opioid/ace/cdc2022-opioid-s47-08.ace	b83f6c9191de1fcf9a23725caa5452d1a13cc4c6e5c2d63343e4b4a516b61b73	424
member	data/guidelines/cdc-2022-opioid/ace/cdc2022-opioid-s47-09.ace	3467b670827b1b856bf4f377375503ec03e578356f4fb29dc635451be9419701	198
member	data/guidelines/cdc-2022-opioid/ace/cdc2022-opioid-s47-16.ace	b139bdbaa3783b2f180f5991d287d4d3a7ebd20f50f7a5d8f707b036b9da6f69	638
member	data/guidelines/cdc-2022-opioid/ace/cdc2022-opioid-s47-17.ace	6c8005e5fcceb953097b520d94e8e8336ae01b5fb6084532dd19c8b9ea79b49e	791
member	data/guidelines/cdc-2022-opioid/ace/cdc2022-opioid-s47-18.ace	90583b73b35c62b5487e8fcc9383a158cee71a04c965f41713ef142963358758	710
member	data/guidelines/cdc-2022-opioid/ace/cdc2022-opioid-s48-02.ace	131991d7a03cffce2f24c31a6c5b4de3eae528f08321f46c21f487df250a7e23	232
member	data/guidelines/cdc-2022-opioid/ace/cdc2022-opioid-s48-04.ace	3199c172c6a74c53203e37bf7f8a056393f615e6e10a1e21f94bf23a092d3356	281
member	data/guidelines/cdc-2022-opioid/ace/cdc2022-opioid-s48-06.ace	c5b42bd1b09a8f171a7488464bf9402c6fe1e08f7ff41722734d9cb66215e895	246
member	data/guidelines/cdc-2022-opioid/ace/cdc2022-opioid-s48-09.ace	bf9ee096ee3205ce558f820269c7ebd137d94e48b7145e588a9df9b87e70bdf5	316
member	data/guidelines/cdc-2022-opioid/ace/cdc2022-opioid-s48-10.ace	e1fa38c7714f632f194299d3b2aaf76791b5ca98106a8bb387c3a4875f158445	155
member	data/guidelines/cdc-2022-opioid/ace/cdc2022-opioid-s48-12.ace	7edd6930365ef1c5582caa0083e2661ed94ed7ddf1ddfb35ec1376cf7a988c02	570
member	data/guidelines/cdc-2022-opioid/ace/cdc2022-opioid-s49-02.ace	293fdba3d8fe53cfe09bafc98b6fd82d210a125aca6df3267b51762e4cd656a4	558
member	data/guidelines/cdc-2022-opioid/ace/cdc2022-opioid-s49-03.ace	3ae8baaaea26294196223ed4cea252ddcd996a767d0ec020065de1449d4dbe06	345
member	data/guidelines/cdc-2022-opioid/ace/cdc2022-opioid-s49-05.ace	74a99e8d9be0c1c55e332d6a79661a82e824cc4d535987e6666b30eb6ebaa404	53
member	data/guidelines/cdc-2022-opioid/ace/cdc2022-opioid-s49-10.ace	131b8f4e6142593f9515444e5fce59153421e7c81ff982a323e1fa022d756731	246
member	data/guidelines/cdc-2022-opioid/ace/cdc2022-opioid-s49-14.ace	ef2f50d7f8815456b4e42e3c633dbdb02304930a57af1da454b4ed393d9e104c	626
member	data/guidelines/cdc-2022-opioid/ace/cdc2022-opioid-s51-11.ace	f0605c0f7b2a0ceab15c73d1c9d81ad4ceee9794c95207b8658cda8227ed6459	83
member	data/guidelines/cdc-2022-opioid/ace/cdc2022-opioid-s54-02.ace	1053b1b9981a85374f3d09418b866928fdb506e120ba097fae6ba9afacbdaa10	92
member	data/guidelines/cdc-2022-opioid/ace/cdc2022-opioid-s54-07.ace	858d06300082d967b1a95fba0993d89962292beb2c05172cd4b363e27c0b63e1	276
member	data/guidelines/cdc-2022-opioid/ace/cdc2022-opioid-s54-09.ace	31948e489bb0b7d4cf66e0f9eb2093ae55b73573f94e7ccc68b7247d05e2ea38	336
member	data/guidelines/cdc-2022-opioid/ace/cdc2022-opioid-s54-15.ace	f1601daa9c1cbe316c577b3e7493ffd683804ace43177c2f7af082007120521d	597
member	data/guidelines/cdc-2022-opioid/ace/cdc2022-opioid-s56-04.ace	99d6baf43de9717fac8e0064c1738bbc8923ab4aaf6d7803057751f6ac216cfd	648
member	data/guidelines/cdc-2022-opioid/ace/cdc2022-opioid-s58-10.ace	71c24f0cb9fcba6929802d54438d954754fd4a3330fa85e3a52a8b96f1002abb	261
member	data/guidelines/cdc-2022-opioid/ace/cdc2022-opioid-s58-12.ace	cefe7d643c7ecb3fdea232203ef090c38f5c99deee3cac68be881af3bd365882	631
member	data/guidelines/cdc-2022-opioid/ace/cdc2022-opioid-s58-13.ace	eeabc2fdc1a159b2779f0e18d0ba065c6fbb6f340698111c28319c794f77b6c0	596
member	data/guidelines/cdc-2022-opioid/ace/cdc2022-opioid-s59-03.ace	563c50f81a692b880bf963ff3526cd0bbc38b418cfa1b3a9f82f1bb2cd771567	156
member	data/guidelines/cdc-2022-opioid/ace/cdc2022-opioid-s59-06.ace	73646ddf4fea5b94d0b5928c85df37aa82ad2372999bf893179e8eb0d0d183a8	386
member	data/guidelines/cdc-2022-opioid/ace/cdc2022-opioid-s59-07.ace	5814b2788e975bad8c79da45f2ecdcd855b129fdb948c19b13df94f33b2857f3	228
member	data/guidelines/cdc-2022-opioid/ace/cdc2022-opioid-s59-12.ace	e6a087f35931d00654cc1390af8fe60dac97e4607ba8e837455d03e80b68723c	386
member	data/guidelines/cdc-2022-opioid/ace/cdc2022-opioid-s59-14.ace	c2b6794fbe76320aaadefaa083b1f314061101b869f6573813707afa1fcc5536	289
member	data/guidelines/cdc-2022-opioid/ace/cdc2022-opioid-s59-15.ace	3d5d576822d09e11b0ac1c3700385ea67a4acbfaa09241cad9350fec1d9b4604	372
member	data/guidelines/cdc-2022-opioid/ace/cdc2022-opioid-s6-02.ace	308189cdaa04e1d925fa7fb1bcab7e1e323a01f15c8409ae1a0488dcbce6c9cc	648
member	data/guidelines/cdc-2022-opioid/ace/cdc2022-opioid-s60-02.ace	7859f2e21be26e893725057eb317347842f4a83d85c5787bdd55c6ba11c6e90e	397
member	data/guidelines/cdc-2022-opioid/ace/cdc2022-opioid-s60-05.ace	db125d9fe86b874b5d28cf45948c654b3dd01a5dffa5a2ec3ad64cc7d9bb53df	349
member	data/guidelines/cdc-2022-opioid/ace/cdc2022-opioid-s60-08.ace	5c356fec13f397825de1ec04eb0a4a1881f221153905ac49d34e1169debf428e	366
member	data/guidelines/cdc-2022-opioid/ace/cdc2022-opioid-s60-09.ace	e23a0f3b59e753b75b0e61390edb039556674dd253df538acada44120d129f99	429
member	data/guidelines/cdc-2022-opioid/ace/cdc2022-opioid-s60-10.ace	7e9e01d38023e5fcde398db27a61d890500d8c9a9035f4151030b61b622530ea	162
member	data/guidelines/cdc-2022-opioid/ace/cdc2022-opioid-s60-13.ace	b7c9221ffa1f898b5b9a04efb62a6d34288dfe5de8813498d30f8ef9d216d7a8	254
member	data/guidelines/cdc-2022-opioid/ace/cdc2022-opioid-s60-14.ace	6f2500fadfc34d28a5248fe8dc0cb3985593df4856388226248b5ca429f63389	358
member	data/guidelines/cdc-2022-opioid/ace/cdc2022-opioid-s60-15.ace	1d71c3f9db2fcd9859ee357f33dddeeb542dd0a2c325e0f8fcbb074d255a73a7	197
member	data/guidelines/cdc-2022-opioid/ace/cdc2022-opioid-s60-16.ace	a8476ba290c3c6d772b1d1a14a68c02ddceed2a0bd512c67316ed79a6438e568	558
member	data/guidelines/cdc-2022-opioid/ace/cdc2022-opioid-s60-17.ace	4453cccaa764abe6071a196e365c076c3fb7326fef541a3d55bd604d26aa28cb	199
member	data/guidelines/cdc-2022-opioid/ace/cdc2022-opioid-s60-18.ace	5fab630c1c09d6e57d62146d26633fd92211267b94d32a8698b1d611b251a1f3	489
member	data/guidelines/cdc-2022-opioid/ace/cdc2022-opioid-s61-03.ace	e2a720e7e3d38b4594db48f265d562783226be2757f49c3338ffa04cc6449ee8	1040
member	data/guidelines/cdc-2022-opioid/ace/cdc2022-opioid-s61-07.ace	6683ac7a011f99eb54db9d2aad21b2b90f0f3a07b80a9a74716b114506001d3e	212
member	data/guidelines/cdc-2022-opioid/ace/cdc2022-opioid-s61-09.ace	6de02a6f136c6f025e8f1f52a3d67d3549115c7a2d314787edf2ed3b6bf23656	71
member	data/guidelines/cdc-2022-opioid/ace/cdc2022-opioid-s62-03.ace	9d7d09b930d9b6d8a94b6d4d19fdf0f99400d5f8e48095def64e1927f4dffa5c	478
member	data/guidelines/cdc-2022-opioid/ace/cdc2022-opioid-s62-04.ace	95621eebd597f43bdde15a8182b9e51f3f4a2a7c8239a339f728a9b4b3515c6f	136
member	data/guidelines/cdc-2022-opioid/ace/cdc2022-opioid-s7-02.ace	c471e56c9c9e2a4e4d5204e2f856d60dae81f2d937850a4d5765c0ed4ebb7c4e	243
member	data/guidelines/cdc-2022-opioid/ace/cdc2022-opioid-s7-03.ace	12b963584277e9e447444935fbe9f645a1267a9a400ecba95cab4ad012baca16	92
member	data/guidelines/cdc-2022-opioid/ace/cdc2022-opioid-s8-06.ace	3e25eab8d8cd0df5aaf3c56034ecb73de6f64806567e00c52a4cf0b83ef065ca	833
member	data/guidelines/cdc-2022-opioid/ace/cdc2022-opioid-s8-09.ace	30c4a289151646e231e0a798e1f2fcd331025e96a2340e6dac3ba745b2cdc504	670
member	data/guidelines/cdc-2022-opioid/ace/cdc2022-opioid-s8-10.ace	31c46174fcdcbf6483d779d3c55163d017421a667639d636bafa0b5accd03c8f	462
member	data/guidelines/cdc-2022-opioid/ace/cdc2022-opioid-s8-12.ace	b379c053fb53d55eddfaac91bdaa71e40cc5a418353315b86330f5fd9031b440	538
member	data/guidelines/cdc-2022-opioid/ace/cdc2022-opioid-s9-01.ace	e482292604b6adffc384512a134e78a1d47ecbf7eacafefd2c9d05e6945b7996	1245
member	data/guidelines/cdc-2022-opioid/ace/cdc2022-opioid-s9-04.ace	d2694e97cea76ead5a23b518a6efabc20d5a5d698b8f82e05e7b95700c2891de	272
member	data/guidelines/cdc-2022-opioid/ace/cdc2022-opioid-s9-05.ace	e6bf656f2dba7d2b8dcd20a2ddd17f36871978ef71854c0a26fb5fdb1c5d45e6	1170
member	data/guidelines/cdc-2022-opioid/align/cdc2022-opioid-rec01-imp01.tsv	f1982f948d0a8118a2f4fcaafaff4b0be1865811ece746ff776b5ea849113542	353
member	data/guidelines/cdc-2022-opioid/align/cdc2022-opioid-rec01-imp02.tsv	69bd1b07c71e4a4b528d8cfb682069a20c1e43907e7f003a0e9f37c58a408c24	552
member	data/guidelines/cdc-2022-opioid/align/cdc2022-opioid-rec01-imp03.tsv	b1288144f4783fee26315aacb1dbee4e957fe50a7688851b173b403250e7a56a	910
member	data/guidelines/cdc-2022-opioid/align/cdc2022-opioid-rec01-imp04.tsv	97bf7b0759a7ef404455c4c5a746416eb224b68e8632afd373395f8f316e9888	1029
member	data/guidelines/cdc-2022-opioid/align/cdc2022-opioid-rec01-imp05.tsv	2e8b4deeb988b7b286c5570b23f94d43bd3b27c63b192b7c7eb1ca559f57d8b9	1029
member	data/guidelines/cdc-2022-opioid/align/cdc2022-opioid-rec01-imp06.tsv	9f37a79b8cd811b2e5b802fbf48c41b9175fdd8d041c3600ce3ee8566f68d6c9	1129
member	data/guidelines/cdc-2022-opioid/align/cdc2022-opioid-rec01.tsv	397166c70095bd876db7b0636960e6faf07bac3df8aaf1f68f4e58b50f7335a3	1039
member	data/guidelines/cdc-2022-opioid/align/cdc2022-opioid-rec02-imp01.tsv	a8c7023d17d7432cf85c5d207f1372f1edea74ea3d3c4b49efcb711feefb71eb	287
member	data/guidelines/cdc-2022-opioid/align/cdc2022-opioid-rec02-imp02.tsv	e8ccccac02a1f476ce99ac2ca5c4529d1653d1ff5f32c2f4e902652ddabb98d3	3292
member	data/guidelines/cdc-2022-opioid/align/cdc2022-opioid-rec02-imp03.tsv	d04cea09c6f536819902c0b84bc3308c9be2faa55a17c4f7f0b38d1ac4a88cb5	476
member	data/guidelines/cdc-2022-opioid/align/cdc2022-opioid-rec02-imp04.tsv	838e72daf5db002970adf87ebd86d50e799953b89d918767c860e6e5e3a896e3	743
member	data/guidelines/cdc-2022-opioid/align/cdc2022-opioid-rec02-imp05.tsv	eef8acdde25c5a0dd5175ac9198d375a971411bcf02e2ee60b011300523e2dc2	417
member	data/guidelines/cdc-2022-opioid/align/cdc2022-opioid-rec02-imp06.tsv	1cce3aceb1ec1132991bf5c8c6ae60a270ddecb154c57598e3c86f852a541b3f	675
member	data/guidelines/cdc-2022-opioid/align/cdc2022-opioid-rec02-imp07.tsv	fc7b1c137e7d08f256f512047e465cb3da8f3cf9df39c098472dc2237bc72069	531
member	data/guidelines/cdc-2022-opioid/align/cdc2022-opioid-rec02-imp08.tsv	4e488a499e72549c82570b7b68b6e56e6810c6b37263322d7046299bcc404994	625
member	data/guidelines/cdc-2022-opioid/align/cdc2022-opioid-rec02-imp09.tsv	d9ca4c01d030bf5ce8920531d7f43ec79f804afa7fffb841363344f53181dc04	520
member	data/guidelines/cdc-2022-opioid/align/cdc2022-opioid-rec02-imp10.tsv	e29882fdbc677fd4800b66724ac20f710299daa0f56d110e0dde20a148f11cc7	728
member	data/guidelines/cdc-2022-opioid/align/cdc2022-opioid-rec02-imp11.tsv	ad3059bebed09d294b408b257b053bcd7619827c03bb2a12217907a6b56dab10	324
member	data/guidelines/cdc-2022-opioid/align/cdc2022-opioid-rec02-imp13.tsv	20492d5afd8386df72add3faec29a5c77f77eb36980969836075c2c44aec16c8	211
member	data/guidelines/cdc-2022-opioid/align/cdc2022-opioid-rec02-imp14.tsv	d265ac46ab68d214f775bd7f87b598366d74ad9f8a63a9d347228365067c46aa	512
member	data/guidelines/cdc-2022-opioid/align/cdc2022-opioid-rec02-imp15.tsv	6d7bcb3bc6544c9d2baca15f9bd12d1efd676d4d049592bef2ca0c9d6573e9ed	386
member	data/guidelines/cdc-2022-opioid/align/cdc2022-opioid-rec02-imp16.tsv	949d7f2ce16606cffae86e10bbc2c398730491a64872d9eafef32535126fea7a	218
member	data/guidelines/cdc-2022-opioid/align/cdc2022-opioid-rec02-imp17.tsv	b8f4642c0a5ab690f98a18ac021da195da625e5cb2cb12afb4c5e0d7efb5f2ec	761
member	data/guidelines/cdc-2022-opioid/align/cdc2022-opioid-rec02-imp18.tsv	76b8d4131e931dbc04b598e488bab048e6e7feadbf7dec89e79410f92e23366b	449
member	data/guidelines/cdc-2022-opioid/align/cdc2022-opioid-rec02-imp19.tsv	440b9d26fb868c7efcdeaed1e101d71896af9347dc897273786900f9a315de29	850
member	data/guidelines/cdc-2022-opioid/align/cdc2022-opioid-rec02-imp20.tsv	98e2ea786944a02958912e82768b84ccdeacf538febce1383e00628b59a5aa46	718
member	data/guidelines/cdc-2022-opioid/align/cdc2022-opioid-rec02-imp21.tsv	330d02efde72d91e496f2573ee30eff05b89211c52d62598b085b9b1c503f102	786
member	data/guidelines/cdc-2022-opioid/align/cdc2022-opioid-rec02-imp22.tsv	c9079a5bdf4bdd4898efa910c94f86a891647c61b0a17f40026b796a1a04534c	429
member	data/guidelines/cdc-2022-opioid/align/cdc2022-opioid-rec02-imp23.tsv	75c2bb0c308f98dba47e042629ee739bec39e6e32b56fc180bcc3a140e13924f	224
member	data/guidelines/cdc-2022-opioid/align/cdc2022-opioid-rec02-imp24.tsv	8d5db9c5f03ab3603d663e272fe4de3847bc003329b498b8be92d52b92548151	477
member	data/guidelines/cdc-2022-opioid/align/cdc2022-opioid-rec02-imp25.tsv	7518a5c13938b355916f2a86e8d30e3390f762f264e9fe2e453bbb11eff19de0	763
member	data/guidelines/cdc-2022-opioid/align/cdc2022-opioid-rec02-imp26.tsv	52fa3b232ac51ebad4e1c1fcaf43994f5ff5457e99964ddfd99796da8b6bcff3	1301
member	data/guidelines/cdc-2022-opioid/align/cdc2022-opioid-rec02.tsv	3ae5f680fc6cce62d09b83bc5698ab122eeea5f17e2362ce726cfa94361ebe68	1617
member	data/guidelines/cdc-2022-opioid/align/cdc2022-opioid-rec03-imp01.tsv	3e1aa7c666db1c29538d51e6684cbc7668546f931dbc98c4c780f9c27475ed5e	612
member	data/guidelines/cdc-2022-opioid/align/cdc2022-opioid-rec03-imp02.tsv	563368b88d3af9310e034fc067f52c77bf9da9ec2cb507634972455dae77aa68	144
member	data/guidelines/cdc-2022-opioid/align/cdc2022-opioid-rec03-imp04.tsv	eee92d53dab95d91912bd56084f69a5c4e24418cdc0d7c7a1912646094f01c84	576
member	data/guidelines/cdc-2022-opioid/align/cdc2022-opioid-rec03-imp05.tsv	2ca07f73bea198a18ee0c91fc3f8acf2ff51d25d219a1d66232bdde8aee17308	1012
member	data/guidelines/cdc-2022-opioid/align/cdc2022-opioid-rec03-imp06.tsv	90353768d9e75271cca754c384b8bcda7869fed5763d7f8b781ec7cf104f8cbe	126
member	data/guidelines/cdc-2022-opioid/align/cdc2022-opioid-rec03-imp07.tsv	d656b91095d187fc3f1478d8ce80ed05bf2b5b31693e0de0bea4c26efac70e4c	1082
member	data/guidelines/cdc-2022-opioid/align/cdc2022-opioid-rec03-imp08.tsv	491308f5b2d83da6e4f4dc27a5db371ebabeb455d74e2c4ccc213dc0f9090d81	716
member	data/guidelines/cdc-2022-opioid/align/cdc2022-opioid-rec03.tsv	8bd125a5c0c33c6d2bedea639282e2be0567afc01a14beefde5f720f74377610	1164
member	data/guidelines/cdc-2022-opioid/align/cdc2022-opioid-rec04-imp01.tsv	1f3ee1735cd9ec55d393d15bd290c40c71e582abaf8fa3f47cbfa392adb60d0b	492
member	data/guidelines/cdc-2022-opioid/align/cdc2022-opioid-rec04-imp03.tsv	81d42cd61354b596e8c9eb27b942040faeb56e50ab13308dcdf9447eeac6a4c2	390
member	data/guidelines/cdc-2022-opioid/align/cdc2022-opioid-rec04-imp05.tsv	76343a8bbd5d2a7ca28ad725b0b347532cf119643d1643f4cd13408f7fb9b8bd	693
member	data/guidelines/cdc-2022-opioid/align/cdc2022-opioid-rec04-imp07.tsv	c68403bac724f46aec9261361214d98e885acee30fb181579cfc24b122db1d6d	360
member	data/guidelines/cdc-2022-opioid/align/cdc2022-opioid-rec04-imp08.tsv	eb8bde24466b3ccaa53b9853b4341c7f3437f3d2de5f5e4e6c3770e4c5e9b022	247
member	data/guidelines/cdc-2022-opioid/align/cdc2022-opioid-rec04-imp09.tsv	30bc2896a14be4e2e945a5f5d0c294f50b5e9f0a2cb28b943903a3cc053211be	1078
member	data/guidelines/cdc-2022-opioid/align/cdc2022-opioid-rec04.tsv	7a071243b38ee08060aaf20fb562cfd1184113fc2a129b5a5c37300a37961232	2680
member	data/guidelines/cdc-2022-opioid/align/cdc2022-opioid-rec05-imp04.tsv	8f33b624abb30168ab827ed4211e6b7d984744c73109f06f309e37816302a642	483
member	data/guidelines/cdc-2022-opioid/align/cdc2022-opioid-rec05-imp05.tsv	5d7b5a36d7455bafc8f70416328cdc3cf73ee27cfc2b1674c9bdff89076213e1	626
member	data/guidelines/cdc-2022-opioid/align/cdc2022-opioid-rec05-imp06.tsv	fbb58d3c8e4cd7d408b9401c32d155c5a3a0c545040c480401debc8ae1563c60	849
member	data/guidelines/cdc-2022-opioid/align/cdc2022-opioid-rec05-imp07.tsv	fb6dc557d0b99b75e8bb71792d846623a6f7d78852e20d312dd5c71803610de8	447
member	data/guidelines/cdc-2022-opioid/align/cdc2022-opioid-rec05-imp08.tsv	78318a46c868a5b925ae9d2bca07b3cf58915e4b2673fea9833aec7b746d44ae	300
member	data/guidelines/cdc-2022-opioid/align/cdc2022-opioid-rec05-imp09.tsv	c4181841ba5bd305e5695bcbd35eaa4377ae83c58bf065d45f992aacde5db270	883
member	data/guidelines/cdc-2022-opioid/align/cdc2022-opioid-rec05-imp10.tsv	84c75c19d7379cfe1e92dc5bfd59ac7cc9bda77d1610c0789a01dbd880cfccbb	255
member	data/guidelines/cdc-2022-opioid/align/cdc2022-opioid-rec05-imp11.tsv	e9da4e94a30a7456e31385a08cc8346473260d1d7e1bb4ed9d8c4a40bafd9382	182
member	data/guidelines/cdc-2022-opioid/align/cdc2022-opioid-rec05-imp12.tsv	cd3ee477fbf171749657cd3043bf635f74a33d3a12f50e3705a72e93135e2dbb	628
member	data/guidelines/cdc-2022-opioid/align/cdc2022-opioid-rec05-imp13.tsv	165aab214b4df7e7dc84e12e96143d5bbe977c2e5c40103bafd42f7d8826ca38	353
member	data/guidelines/cdc-2022-opioid/align/cdc2022-opioid-rec05-imp14.tsv	81078d63b21b36c65b67c978f806e10cb29f0095b7f3ba9a72c7db0ec426ef6a	221
member	data/guidelines/cdc-2022-opioid/align/cdc2022-opioid-rec05-imp15.tsv	c79e6d46117c1ea7a61210c51f97f3e2c5bfd6606e6ec254964826b6170d457e	345
member	data/guidelines/cdc-2022-opioid/align/cdc2022-opioid-rec05-imp16.tsv	82e06b1dc147d03adc754eaca25908b9ac61c0c79f171bb6c207c320ca3c27bd	610
member	data/guidelines/cdc-2022-opioid/align/cdc2022-opioid-rec05-imp18.tsv	3e545095a155ef84e938b5276fbc06866b8da0cf1a5c8f81dcd038e3651bb355	618
member	data/guidelines/cdc-2022-opioid/align/cdc2022-opioid-rec05-imp19.tsv	dfe9c6ba7fe42cbcc278e41b53809d0378044dfdef80ca8ac51af941f6361064	496
member	data/guidelines/cdc-2022-opioid/align/cdc2022-opioid-rec05-imp20.tsv	28db307c1be39ef125fdb8950f95cdadf92d87c4b4f35817da36c2ed73273525	459
member	data/guidelines/cdc-2022-opioid/align/cdc2022-opioid-rec05-imp21.tsv	d72db0c078103a9fc3f0a7773833a0578f6577481790555d9bc92893bb922028	585
member	data/guidelines/cdc-2022-opioid/align/cdc2022-opioid-rec05-imp22.tsv	bbccdce4fbe6b881091bb1c978065d55534719f28cbf9dd44b16fc71bb371483	821
member	data/guidelines/cdc-2022-opioid/align/cdc2022-opioid-rec05-imp23.tsv	c90a65b8c00e2509c990f046a171f5293e722dc6063d222e2e2ec94c60cec462	673
member	data/guidelines/cdc-2022-opioid/align/cdc2022-opioid-rec05-imp24.tsv	02d051f0ca3fc59e47803677b8e90cae1eb966e75e9fb143df5b8ee06447707c	427
member	data/guidelines/cdc-2022-opioid/align/cdc2022-opioid-rec05-imp25.tsv	fc8bebb420572277a36c23cf4ebf796f257edbc0d548874b03512d6baa403b26	1087
member	data/guidelines/cdc-2022-opioid/align/cdc2022-opioid-rec05-imp26.tsv	9a1844c351afc235d531f8fa7dc0c21aef04e5a423d59ad43f34674bc752d4e3	643
member	data/guidelines/cdc-2022-opioid/align/cdc2022-opioid-rec05-imp27.tsv	b9dbda223d8b7517141af8d42eb85997d8b9e9b7adc9fe83e367dd1328851a9f	392
member	data/guidelines/cdc-2022-opioid/align/cdc2022-opioid-rec05.tsv	2e040a9f7e3b3198cc0d3e2be95fda7ec03ac5c8b1d79695f4f721b401b68dd3	1720
member	data/guidelines/cdc-2022-opioid/align/cdc2022-opioid-rec06-imp02.tsv	efa9a9dc7b300de4f6b4fe89a5a1b8ef524d130afce37e21aaccab93d738c647	249
member	data/guidelines/cdc-2022-opioid/align/cdc2022-opioid-rec06-imp03.tsv	9b8ba12355124c4db53516e601e3a52f25c12629c2b8e75b994c8dd921243d1f	192
member	data/guidelines/cdc-2022-opioid/align/cdc2022-opioid-rec06-imp04.tsv	ed3299b4b0aacf2ed2c971cb8d268f1e6697a21b07024b177c622052f62dc407	947
member	data/guidelines/cdc-2022-opioid/align/cdc2022-opioid-rec06-imp05.tsv	8f7fd13ce88e6dc4a4271b43a74632e14b30b723528746d22a0bdad38eaf7ea9	543
member	data/guidelines/cdc-2022-opioid/align/cdc2022-opioid-rec06-imp06.tsv	ce8868471bd90d48aa3642fdc092d89b0e548e231c164446f11cb0b479d998a7	1424
member	data/guidelines/cdc-2022-opioid/align/cdc2022-opioid-rec06-imp07.tsv	0157a1201d0d4d7d656ec3c2275d19711fbf067cd7b7f7a36a003a0a20405ef1	295
member	data/guidelines/cdc-2022-opioid/align/cdc2022-opioid-rec06-imp09.tsv	75afbcb8450f37c682ec98bc28ecced272958d1ae16fb6f198204e3daea9f752	478
member	data/guidelines/cdc-2022-opioid/align/cdc2022-opioid-rec06-imp13.tsv	b5561f68db57b8d545b9dbc4707f20fc9085a008c0fe5cff185ae9e249402666	453
member	data/guidelines/cdc-2022-opioid/align/cdc2022-opioid-rec06-imp14.tsv	fa5343e623c150374ec24b200ca698be776a16ae11e766848e0419c381f83a61	302
member	data/guidelines/cdc-2022-opioid/align/cdc2022-opioid-rec06-imp15.tsv	584e66f12513f990d5d25d5dcd401eae7c3b6d69f75b0925702ba7c605d47849	594
member	data/guidelines/cdc-2022-opioid/align/cdc2022-opioid-rec06.tsv	e2ffbf08417ba172554332c9240e03e7b767490deefa19ccda4d0cc967cee40b	465
member	data/guidelines/cdc-2022-opioid/align/cdc2022-opioid-rec07-imp02.tsv	05de578fa92f8616cf81a672efd73f644f5f7cd6e0cde3213da0d1accb591074	678
member	data/guidelines/cdc-2022-opioid/align/cdc2022-opioid-rec07-imp03.tsv	09f493d2c56d52b2baddbd1bf5788eac90aa5291edc1f3b95f444dcce8fa934a	469
member	data/guidelines/cdc-2022-opioid/align/cdc2022-opioid-rec07-imp04.tsv	7b8a7efae7bb6fd07d3c761aa7cca553ca1465d51f2b0a7412e60d199d25ed60	856
member	data/guidelines/cdc-2022-opioid/align/cdc2022-opioid-rec07-imp06.tsv	f65e26f92f960045ebb054eb1a849439ba033876996b44ede69b7451f036cc95	1008
member	data/guidelines/cdc-2022-opioid/align/cdc2022-opioid-rec07-imp08.tsv	e4b9dbd41f5c509743e0a5c349fdb52d211e511c6e26a11d0586c779479271a0	1040
member	data/guidelines/cdc-2022-opioid/align/cdc2022-opioid-rec07-imp09.tsv	fe40ee001dd274bdcc955455cbe0e92f0300a0ce2bcdeb4f0ac391f7e2d4032e	349
member	data/guidelines/cdc-2022-opioid/align/cdc2022-opioid-rec07-imp10.tsv	9a51de7307bed6a72cf191877f1eb892220c3497edb88050d1d7de87dc8d59d6	599
member	data/guidelines/cdc-2022-opioid/align/cdc2022-opioid-rec07-imp11.tsv	b5551b264abe850a54552d282a7851e68bd3cd296f6518ed73351c81fa5dec86	808
member	data/guidelines/cdc-2022-opioid/align/cdc2022-opioid-rec07-imp12.tsv	584f6388ca32445f9f48c99d5f63983a5673265f507da063434a7c0e1a4fb9e2	975
member	data/guidelines/cdc-2022-opioid/align/cdc2022-opioid-rec07-imp13.tsv	2d458f261da8aed2eff0cf7abee2431018a9f144340534239f7ab05487aa3e17	406
member	data/guidelines/cdc-2022-opioid/align/cdc2022-opioid-rec07-imp14.tsv	262898a003e4b50d3413eaa6e7d9c7fb3e9d4be5bfa0eab6c8991ea8cc1ba1e1	620
member	data/guidelines/cdc-2022-opioid/align/cdc2022-opioid-rec07-imp15.tsv	ece2eb78fbfc1e4a9f80d5aa725db21139e52a16e55c15ccfc76d4acbad4d9cc	1382
member	data/guidelines/cdc-2022-opioid/align/cdc2022-opioid-rec07.tsv	5a48016142560dfc63389c2f44c3c2eef648ec0c948d192c76a120e85305f2ad	1913
member	data/guidelines/cdc-2022-opioid/align/cdc2022-opioid-rec08-imp01.tsv	3e810d80d73efeacfce28abca199bac6e8d4b7d7c3ad161e99c64bdec023de23	1057
member	data/guidelines/cdc-2022-opioid/align/cdc2022-opioid-rec08-imp02.tsv	2c431a55b9ce2c1ac01c201413e0ae436a4ae33938541bc9c4b6595e03bd158c	618
member	data/guidelines/cdc-2022-opioid/align/cdc2022-opioid-rec08-imp03.tsv	319e9525909cd57b67b8999883de9b9974877c069ccb6b1e538ac49ed81f698a	1464
member	data/guidelines/cdc-2022-opioid/align/cdc2022-opioid-rec08-imp04.tsv	c6054969feabb2d5a9f543924a70eb3131d31c4485fd2b55191c34c44efda7ae	663
member	data/guidelines/cdc-2022-opioid/align/cdc2022-opioid-rec08-imp05.tsv	60b1018a0bcb62e6fc3eaa5537eeb7c3a5e404ca9dd69cd340ea93084d4b32f4	732
member	data/guidelines/cdc-2022-opioid/align/cdc2022-opioid-rec08-imp06.tsv	a6076745ef9a04a0a1caceae9b536aa7ff81efd38a301576f7b2995d2f70c00d	447
member	data/guidelines/cdc-2022-opioid/align/cdc2022-opioid-rec08-imp07.tsv	a00eed3a479a134f967f6af9959ac056e9d655af91290f014681ccece2340dbe	494
member	data/guidelines/cdc-2022-opioid/align/cdc2022-opioid-rec08-imp08.tsv	5e70a3015ede76355238fb7e75943c90eaf511229301a8447b15387231b1aaae	631
member	data/guidelines/cdc-2022-opioid/align/cdc2022-opioid-rec08-imp09.tsv	35a3974dcc005fb2209629275f9ea0430adcc899014537333a732925fa288494	474
member	data/guidelines/cdc-2022-opioid/align/cdc2022-opioid-rec08-imp11.tsv	52416e1618cbc21982b70407eed9e58a20801ae32666f940839a2735a488fa69	652
member	data/guidelines/cdc-2022-opioid/align/cdc2022-opioid-rec08-imp12.tsv	93c9e2f49d269f78c1be4dd90831d37330125f6fe260b48c9f6e9b5dc2bac7d3	849
member	data/guidelines/cdc-2022-opioid/align/cdc2022-opioid-rec08-imp13.tsv	d09f39b44414e6bdd3ce27c429b7c88b0b3e2bb761ea7c94201a08bf20b4dcb3	712
member	data/guidelines/cdc-2022-opioid/align/cdc2022-opioid-rec08-imp14.tsv	2be1ed11b8961a269d2b63cef0840b34a4e4791b97172894aaedb2e37ad5f2e4	1141
member	data/guidelines/cdc-2022-opioid/align/cdc2022-opioid-rec08-imp15.tsv	9c9050a83c9d0250472da2d5808ec808abb3300062c3c0c0b580f4d2da8f9d07	734
member	data/guidelines/cdc-2022-opioid/align/cdc2022-opioid-rec08-imp16.tsv	1fce16caa8e0dfbb0ca4fa93a125fb9808816579c876a35c111634f609aa6e46	650
member	data/guidelines/cdc-2022-opioid/align/cdc2022-opioid-rec08-imp17.tsv	e8e51bcd79392126adc8bc2285590a305cc36af8b7652207ec0ab0799cfb0b11	423
member	data/guidelines/cdc-2022-opioid/align/cdc2022-opioid-rec08-imp18.tsv	a165c4ed842654cf971e7cdf04bcf7ec23ad6f3780306c74db053fcf0700fcab	1017
member	data/guidelines/cdc-2022-opioid/align/cdc2022-opioid-rec08-imp19.tsv	1e19ca9797529b2ab3fae27794d881cc2c4b4564ec4cad80747cd95933a7bb4c	583
member	data/guidelines/cdc-2022-opioid/align/cdc2022-opioid-rec08-imp20.tsv	748695ad62a58ea386ffa774b5d24f42ced88334076524b19337f8d84a79062f	861
member	data/guidelines/cdc-2022-opioid/align/cdc2022-opioid-rec08-imp21.tsv	fc6f7dd6288343141998127ecb2efa9d5cc52989ee268489a3b0872a92142203	911
member	data/guidelines/cdc-2022-opioid/align/cdc2022-opioid-rec08.tsv	989dbd3467d0aacf2fdb83b41ba0443c73f7321d0c45e76e4b53c922260adad4	925
member	data/guidelines/cdc-2022-opioid/align/cdc2022-opioid-rec09-imp01.tsv	4093b6243dd0d214fd3ddcf14bc472ad74fbde0aed4393af8a1422cc120ccb04	573
member	data/guidelines/cdc-2022-opioid/align/cdc2022-opioid-rec09-imp02.tsv	830b3ad6d7231e80b53af3440db0ae1ec07a31d1227cf4e645020ad80c8fcb7d	722
member	data/guidelines/cdc-2022-opioid/align/cdc2022-opioid-rec09-imp03.tsv	2e08a021cf1c7e8e4e964cca1d3450f6baac85a736ca5b37e78c3495b2a40228	492
member	data/guidelines/cdc-2022-opioid/align/cdc2022-opioid-rec09-imp04.tsv	22ff625da2abf4fa4330d556f175669d038c4ad7ac0f6b427ef983c2ff0c057c	406
member	data/guidelines/cdc-2022-opioid/align/cdc2022-opioid-rec09-imp05.tsv	eca2a1b36582d2655c0aab836628b8a613efaeccf3b35f39c0746ba8e39b0d2b	1103
member	data/guidelines/cdc-2022-opioid/align/cdc2022-opioid-rec09-imp06.tsv	38016f4c45bc69ebd722ae7cdaa586509edc953873ad1b7ee99d3981e05b8d74	903
member	data/guidelines/cdc-2022-opioid/align/cdc2022-opioid-rec09-imp07.tsv	cc93799cd0c8eb2b0e864e07750e65c275be13ee61e87a2d48d641b46a70aa4f	364
member	data/guidelines/cdc-2022-opioid/align/cdc2022-opioid-rec09-imp08.tsv	037a6f73b66acaff3ec6271c8c044ade8f605ba88604429fa5e1670a9ea9329e	258
member	data/guidelines/cdc-2022-opioid/align/cdc2022-opioid-rec09-imp10.tsv	6f6cc53a4c88514a6e43060ec183ebd210b37374a213c0e88b1e4bbf425270e9	396
member	data/guidelines/cdc-2022-opioid/align/cdc2022-opioid-rec09-imp12.tsv	473a960af1efbd25e66fcbf158256fab8264312921ba516010c4521f3bb856b9	1143
member	data/guidelines/cdc-2022-opioid/align/cdc2022-opioid-rec09-imp13.tsv	aa374ff80c3036a871b6d370a39f78ce0bccc810e767aabc7028d00bdc0cda9d	555
member	data/guidelines/cdc-2022-opioid/align/cdc2022-opioid-rec09-imp14.tsv	36590920ffa42d4aada30f12dc3208f1149fdfd629751fea493aab5621fbedf8	767
member	data/guidelines/cdc-2022-opioid/align/cdc2022-opioid-rec09-imp15.tsv	b42c6207badb71030750803fa356e40b60091cb88c9fbbaeff3c4926a04c334c	400
member	data/guidelines/cdc-2022-opioid/align/cdc2022-opioid-rec09-imp16.tsv	85ead0822ec912ff0d67ff7d45cb8a60c03b90d2c183199d1423ea5c7ebf6e95	461
member	data/guidelines/cdc-2022-opioid/align/cdc2022-opioid-rec09-imp17.tsv	a69ff7854302fb1441d781d9215870e8c0bce0be551d0116e4bb5c22272161fd	558
member	data/guidelines/cdc-2022-opioid/align/cdc2022-opioid-rec09-imp18.tsv	311ed9df88d8a74b4a7866aaf81f3e2bc42e894f5a79b3ef5581090d530fc24e	313
member	data/guidelines/cdc-2022-opioid/align/cdc2022-opioid-rec09-imp19.tsv	9f3775dcf042e539998c6ae80a286b8db04c26c13227147bd52aca43379a6d76	491
member	data/guidelines/cdc-2022-opioid/align/cdc2022-opioid-rec09-imp20.tsv	4f1369c074a9e2b66612275ec9b6aa13d5e998fdd1a0c265d7eb3f598542e8df	302
member	data/guidelines/cdc-2022-opioid/align/cdc2022-opioid-rec09-imp21.tsv	e5b3afb4aad372728f86a819a3cb3f7806a3a9f19f33f6b5c8df4e12dbacd78d	464
member	data/guidelines/cdc-2022-opioid/align/cdc2022-opioid-rec09-imp22.tsv	8679fafee188ae44afddcab731195b66b9ceb8a2cf81b8a57f4dde66598d55ae	720
member	data/guidelines/cdc-2022-opioid/align/cdc2022-opioid-rec09.tsv	80fa83826ca56aba3a392b911a8c1f8cdd8106f66706cf697d13e43c73897de6	1526
member	data/guidelines/cdc-2022-opioid/align/cdc2022-opioid-rec10-imp01.tsv	6e449f93f3b63eeeb446f4dee59f20818ab2868387d744ffb2681d5e8c953dfd	448
member	data/guidelines/cdc-2022-opioid/align/cdc2022-opioid-rec10-imp02.tsv	460b3937bdd9d43b6beb8094ceb4c2c638554a1883ea8b5839a16389c6885644	222
member	data/guidelines/cdc-2022-opioid/align/cdc2022-opioid-rec10-imp03.tsv	2111dd232712751a7da93bc8d1e84fb1b80e77cf86e5681fda2a16ea064898e2	1114
member	data/guidelines/cdc-2022-opioid/align/cdc2022-opioid-rec10-imp04.tsv	6063d403c7c8140420afabfced53bc21f7ea459601bb11d590f51606776c398b	886
member	data/guidelines/cdc-2022-opioid/align/cdc2022-opioid-rec10-imp05.tsv	a56494488f9d232addc3ffcc8e4be8ee6fc6dd539272746b11f363c0ed0bf7a8	559
member	data/guidelines/cdc-2022-opioid/align/cdc2022-opioid-rec10-imp06.tsv	6d1fafeda3a75d839db00b201b1c44d2c49252e4cc62baab06c05698e3faf955	436
member	data/guidelines/cdc-2022-opioid/align/cdc2022-opioid-rec10-imp07.tsv	249d41e576e9e94b0dcad01f9c7b8fc1b3109ed10df2eca4979c15613341ccb6	1089
member	data/guidelines/cdc-2022-opioid/align/cdc2022-opioid-rec10-imp08.tsv	df66071f0f6b3c546d786fb29f8390fdc135a19ff0392714c7e70d032fcd307f	544
member	data/guidelines/cdc-2022-opioid/align/cdc2022-opioid-rec10-imp09.tsv	d270ec2e69b0178dd9ccfa8d51c9025ae82fa0917c59440506c27b6d9c6ba4d1	524
member	data/guidelines/cdc-2022-opioid/align/cdc2022-opioid-rec10-imp10.tsv	cfbeca8088617a1f3b2a06cd402e47e58f45e55f5367e80c583ed30a13bb1be9	1555
member	data/guidelines/cdc-2022-opioid/align/cdc2022-opioid-rec10-imp11.tsv	e9ca329abc87c9f62d356d918f39549c77f6b755c8941d95b2de5fdbc7bfe7a8	470
member	data/guidelines/cdc-2022-opioid/align/cdc2022-opioid-rec10-imp12.tsv	d3f1dee2a4e7ac885a36f70b847700cf34db264437df8d2e1081c82f0756456e	479
member	data/guidelines/cdc-2022-opioid/align/cdc2022-opioid-rec10-imp13.tsv	7e4445a1e0f2f314cd5b462912959145f05ed78f5a76a7a4d05cff97f1b9ddfd	523
member	data/guidelines/cdc-2022-opioid/align/cdc2022-opioid-rec10-imp14.tsv	6570d8075e9f2260e1802228d2cb44a63326ec50e6ea3526f278f7258f382acc	1779
member	data/guidelines/cdc-2022-opioid/align/cdc2022-opioid-rec10.tsv	9a8d567d8f25f85bc8ad81f68e5422b43043583d06419574a9bea55e6e593911	1091
member	data/guidelines/cdc-2022-opioid/align/cdc2022-opioid-rec11-imp01.tsv	d6562ab1aa1f8c5d905b2f4ab1c99e1e04b3b2b121d3af7c26974a018e19119e	767
member	data/guidelines/cdc-2022-opioid/align/cdc2022-opioid-rec11-imp03.tsv	6a8f594acbce5870041344c22301d3e103856fe622cfe37e9c063829152e9d26	765
member	data/guidelines/cdc-2022-opioid/align/cdc2022-opioid-rec11-imp04.tsv	2b5d456ba014ed5e1af8ecf4671a23a270aa5e78297b92745e4516989908c993	682
member	data/guidelines/cdc-2022-opioid/align/cdc2022-opioid-rec11-imp05.tsv	51e0b876f697008e0d82f21f27cb7bf792ab312e4a82ac20cbcb19f5b70a7faf	783
member	data/guidelines/cdc-2022-opioid/align/cdc2022-opioid-rec11-imp06.tsv	c79be5673329cec4c9d46d0384c593ae1e7e60369f614c801b2a2dcb1bd63539	226
member	data/guidelines/cdc-2022-opioid/align/cdc2022-opioid-rec11-imp07.tsv	563dc3923be9fd21baeee731e05e892f05a0e5fd80c9069bffbf928bf2610f4f	92
member	data/guidelines/cdc-2022-opioid/align/cdc2022-opioid-rec11-imp08.tsv	7fad57d668a9f69cfa52414dedd494dd1d611324673bc8c56e941cbff3f38d51	1417
member	data/guidelines/cdc-2022-opioid/align/cdc2022-opioid-rec11.tsv	3e162166d25bf313aa1f0152e572b1417bbcefec8a508ac765bf43e59c976dcf	778
member	data/guidelines/cdc-2022-opioid/align/cdc2022-opioid-rec12-imp01.tsv	565e8744fba7d0fb8ca8c948d99d1e708ec3ccc1b6e14886fdf18dca588e5efe	665
member	data/guidelines/cdc-2022-opioid/align/cdc2022-opioid-rec12-imp02.tsv	517963a2c68133a5b70a9a84de608ff55557366ea4d6f4ca654c2c8dd8a7855e	188
member	data/guidelines/cdc-2022-opioid/align/cdc2022-opioid-rec12-imp04.tsv	616814b12a2f1fbabe3443de2e3f6f06ebf9e3d6d879b0847ebabc0b16a8936d	483
member	data/guidelines/cdc-2022-opioid/align/cdc2022-opioid-rec12-imp05.tsv	9bf2747e85da00516ff2770a3c2374ee2dd0d1a46901af9f7a8ceee326a84c18	836
member	data/guidelines/cdc-2022-opioid/align/cdc2022-opioid-rec12-imp07.tsv	a0a8d185efc64a62ff5710bf9c199bedb2e6a74d90021c77fd2253d172e8b961	2000
member	data/guidelines/cdc-2022-opioid/align/cdc2022-opioid-rec12-imp08.tsv	1f01069089ac0a95277c1b75ed6d77e22452240bc025b7ea547f86678e32792f	693
member	data/guidelines/cdc-2022-opioid/align/cdc2022-opioid-rec12-imp09.tsv	214cf7d938bb3a0a33d6e563fadb6f2142fab9d660098761816c947e666f9e29	1433
member	data/guidelines/cdc-2022-opioid/align/cdc2022-opioid-rec12.tsv	86c09991dd179eeb11ebfa8509bc9990fae07b63f846e32f1171d1922cba64ab	1060
member	data/guidelines/cdc-2022-opioid/align/cdc2022-opioid-s10-04.tsv	1a37ea84ce9be0196881266dc3d902fb6a8f8e7b9793674f3d395f919173a22f	248
member	data/guidelines/cdc-2022-opioid/align/cdc2022-opioid-s11-01.tsv	a9d5ad560747d7a1110c565292eb1b1e51ce6671177ca93f7c3bb481be3d3b34	651
member	data/guidelines/cdc-2022-opioid/align/cdc2022-opioid-s12-01.tsv	13b4b6bd6cce20327a123c74f06c226dbb7887cdaede780a6e5e2029b591bb83	407
member	data/guidelines/cdc-2022-opioid/align/cdc2022-opioid-s12-02.tsv	d87e45a4d227143ee82f591e70317f198407c16d75f23c460555ecef13deab07	464
member	data/guidelines/cdc-2022-opioid/align/cdc2022-opioid-s12-03.tsv	115da15104b9653988dcdafa13838a239c58f3dc1309b223e3928ee744f3a42f	745
member	data/guidelines/cdc-2022-opioid/align/cdc2022-opioid-s18-01.tsv	ab1ec62845513828070bf4901a4bb3c4ea365df779136524ad528a14c66d38e2	391
member	data/guidelines/cdc-2022-opioid/align/cdc2022-opioid-s18-03.tsv	cf870a583970dceba61a0ce945c282e7ccebd417a7853539b39ddd034534de6d	484
member	data/guidelines/cdc-2022-opioid/align/cdc2022-opioid-s18-06.tsv	7e4a9efe93b281064862606997de3abb811e1304ad2725c2127501e35710f633	998
member	data/guidelines/cdc-2022-opioid/align/cdc2022-opioid-s18-07.tsv	871a9f1864691aacba4e3f943dc325ac7fb2555d9fa5e51c9ff3f5ca2340bd82	541
member	data/guidelines/cdc-2022-opioid/align/cdc2022-opioid-s19-07.tsv	648579791b1395e69e828a00985a2db945d7fe465c0d6766810ba08693f06e60	1380
member	data/guidelines/cdc-2022-opioid/align/cdc2022-opioid-s19-08.tsv	9b7fadb4cb279b13b237222cf7efe27f5a9549731ac0098a5183c52d80b50153	238
member	data/guidelines/cdc-2022-opioid/align/cdc2022-opioid-s20-04.tsv	a8c7023d17d7432cf85c5d207f1372f1edea74ea3d3c4b49efcb711feefb71eb	287
member	data/guidelines/cdc-2022-opioid/align/cdc2022-opioid-s20-12.tsv	3108d0d66f83a06891535c5c065704b7edb3f59721fb60f50ad94cd2dcacca1f	256
member	data/guidelines/cdc-2022-opioid/align/cdc2022-opioid-s21-02.tsv	2d2ceea826ff863e4bde8ec721458535628fe269617dbbe2513c07f921f95b8b	1095
member	data/guidelines/cdc-2022-opioid/align/cdc2022-opioid-s21-03.tsv	4e5491874d4603549c0092094a0f939fa06f5968cf47746a3d723109644de060	1408
member	data/guidelines/cdc-2022-opioid/align/cdc2022-opioid-s21-05.tsv	9b97938c9e8797250ae676fc2dc0a18c18b00c78e7708fb4b469e70db2b3d050	290
member	data/guidelines/cdc-2022-opioid/align/cdc2022-opioid-s22-04.tsv	914964ebac0ec80a841d6e4921aa26b7bff54cdf9573b327479e538c4590b619	816
member	data/guidelines/cdc-2022-opioid/align/cdc2022-opioid-s22-07.tsv	9cf24c410b28beefe1497d58e7211a7f86ddf4b21fe2f900a35a89af3da0b3e8	901
member	data/guidelines/cdc-2022-opioid/align/cdc2022-opioid-s22-08.tsv	52d8bc8bd273ff869bf2d2b466052a6df862b64bce6f14dcf2af17055a50a997	608
member	data/guidelines/cdc-2022-opioid/align/cdc2022-opioid-s22-11.tsv	70e1df26eac9d87ffb430b9d18fe0a0d198f32549380bbf5c2af30dcac17f36f	495
member	data/guidelines/cdc-2022-opioid/align/cdc2022-opioid-s22-13.tsv	956524c89bd720a86467dafb695366c30121a2214188842c5638ecfaca28195d	589
member	data/guidelines/cdc-2022-opioid/align/cdc2022-opioid-s23-01.tsv	dadd71ec35b378fcd42c060ed0ef8d156dec3729597d0d0ad0724a3e52c9989b	370
member	data/guidelines/cdc-2022-opioid/align/cdc2022-opioid-s23-02.tsv	f8e8b4d53919c3e08338cf5533307f2af1781339b95e6927dcb2c63447ce24b9	577
member	data/guidelines/cdc-2022-opioid/align/cdc2022-opioid-s23-03.tsv	cb975cf5236d1edf7fb962855e5073f2cb15f45978a2b69d7207702c1e341006	768
member	data/guidelines/cdc-2022-opioid/align/cdc2022-opioid-s23-04.tsv	18e6b1da6c6261f9df160dc875d4c5b3da76edd3ac8c27537ed49d48e95d04f8	615
member	data/guidelines/cdc-2022-opioid/align/cdc2022-opioid-s23-05.tsv	4b1e29eb18463e687ec06797693f9c05b62960172a837b09949ab0e9e70b48f3	302
member	data/guidelines/cdc-2022-opioid/align/cdc2022-opioid-s23-06.tsv	f919e2ef5a084ef7a68bc314e7bcb35981ea9f6449c096c596dfb2b58a6afe6c	248
member	data/guidelines/cdc-2022-opioid/align/cdc2022-opioid-s23-08.tsv	be05fcbc69c45d290ce1e2d69d7162159ffb6a5b9be70cc8bd1314364a50ede5	377
member	data/guidelines/cdc-2022-opioid/align/cdc2022-opioid-s23-09.tsv	f1f53a3b32959c5b31025b216d4505f561a367cdf314d59ceca9b2cc71314328	296
member	data/guidelines/cdc-2022-opioid/align/cdc2022-opioid-s23-10.tsv	94525d46352570a91cc38ef5c4c7a4a20c429af91b65126f091c29d47b858353	550
member	data/guidelines/cdc-2022-opioid/align/cdc2022-opioid-s23-11.tsv	66b1579f3926a625a5164eb2a0c227dd8e4e292a4fed271d7c1f5c4996b37a0d	179
member	data/guidelines/cdc-2022-opioid/align/cdc2022-opioid-s23-12.tsv	4d7ef1b6cee9bb69c35bd11e371f89902652d079838818d71046d48cb495e22d	615
member	data/guidelines/cdc-2022-opioid/align/cdc2022-opioid-s23-13.tsv	38c62c13bb6fbda017c719795d32a1465881a52c3e16c6d508836d22afd13955	767
member	data/guidelines/cdc-2022-opioid/align/cdc2022-opioid-s23-14.tsv	b4390e95bf697024fc5c9835fdb98ee3a005886454f92a836384b90416466e04	658
member	data/guidelines/cdc-2022-opioid/align/cdc2022-opioid-s23-15.tsv	7da7c529941ec83c8f0b821cb37de99c8c0ab76f9fce577f218c6d99abd75368	377
member	data/guidelines/cdc-2022-opioid/align/cdc2022-opioid-s23-16.tsv	7a8c3d3b0a9c0e916bd45af21aa831bc5b5ce0a4fc2efb8fd3f97fd3d483e6fc	425
member	data/guidelines/cdc-2022-opioid/align/cdc2022-opioid-s25-04.tsv	b2026c0b5e11323545c7b2d999550267301a324fc9f20661127cf82541e89974	574
member	data/guidelines/cdc-2022-opioid/align/cdc2022-opioid-s25-05.tsv	f7a0120c1d5e8707fa3b6464e16b5ffa442823bec020714361965bf3e21c7614	312
member	data/guidelines/cdc-2022-opioid/align/cdc2022-opioid-s25-08.tsv	b499fd446c2399ca6cc34afac905678e8630ac5e564246beefc416b0e265095a	382
member	data/guidelines/cdc-2022-opioid/align/cdc2022-opioid-s25-09.tsv	16b6d568fd2e7615e90129d55925dde6ce9840b143d014ea450cd12929ebcc11	376
member	data/guidelines/cdc-2022-opioid/align/cdc2022-opioid-s26-01.tsv	0bee8b2e5bfdd52da5a5fbcfa8f6a1beebe6642d90512083da3cf92628299d20	360
member	data/guidelines/cdc-2022-opioid/align/cdc2022-opioid-s26-07.tsv	12df5f113b448ecece027c5fa81ca9a1a19a5a2aedfa727f87f11d4427a92f37	775
member	data/guidelines/cdc-2022-opioid/align/cdc2022-opioid-s26-08.tsv	8c37c6c91ae08fb4fe18d16f0d95a8d61d603480d8778587799fc06a1d1a1b3f	392
member	data/guidelines/cdc-2022-opioid/align/cdc2022-opioid-s26-09.tsv	7ba8039ee137083410542414bd0ee8babd7d4fec3f3f857cab28f74dff9fe94f	617
member	data/guidelines/cdc-2022-opioid/align/cdc2022-opioid-s27-05.tsv	26b8f1b926e4a455801f91464e5d1f26de60f0b58c0b20580a77df296597b70f	766
member	data/guidelines/cdc-2022-opioid/align/cdc2022-opioid-s27-09.tsv	5e55c2299d880832fcc5340bfc001fd33a3990f813b1092df05bba7383ba4fc2	289
member	data/guidelines/cdc-2022-opioid/align/cdc2022-opioid-s28-10.tsv	103abe4aaf87f5767019353b9dcd46bc7235e2ea53b28983cbb6fdaeca227dc8	716
member	data/guidelines/cdc-2022-opioid/align/cdc2022-opioid-s28-11.tsv	c9c1b9cc2955b4cb86667fa3a85173af8026883f278d3e8e221d11b0645bbf6c	554
member	data/guidelines/cdc-2022-opioid/align/cdc2022-opioid-s28-13.tsv	99720074521619f35c37740478a8f7394547a54ea129f53c40eebbdc1990716c	723
member	data/guidelines/cdc-2022-opioid/align/cdc2022-opioid-s29-02.tsv	5edf3e3fdf46e17a9c352943da9cac397594ae8ed4c2e9c1a4cf18f963608da5	542
member	data/guidelines/cdc-2022-opioid/align/cdc2022-opioid-s29-03.tsv	10d3a793d7f9306cafc58cef493f77a53ce59494c850af2c0b6c613578d1e7e2	492
member	data/guidelines/cdc-2022-opioid/align/cdc2022-opioid-s29-04.tsv	534b5448ead53950cadc7b769fad482a3b0e73037cf4c11722fdf105cacf736e	280
member	data/guidelines/cdc-2022-opioid/align/cdc2022-opioid-s29-17.tsv	9ffafb5a4c77736d1fbace2b55e2d8d137f3827f3b0a815e7528f8355445ec48	1199
member	data/guidelines/cdc-2022-opioid/align/cdc2022-opioid-s29-19.tsv	2fd685fa335f01a85dea9656800716626825b4b3e5092c1330082fc122971cfa	388
member	data/guidelines/cdc-2022-opioid/align/cdc2022-opioid-s29-20.tsv	e4138ff74f6af30a19ecc6193d30148cc96c6618477ad1a7c21444d2826f3b3f	334
member	data/guidelines/cdc-2022-opioid/align/cdc2022-opioid-s3-01.tsv	d41358fc1bd0e69415f46a21d08685fc0e4e6fc97bb9a43ce2fd6e50aabb8460	386
member	data/guidelines/cdc-2022-opioid/align/cdc2022-opioid-s3-02.tsv	ba03dafcc268a5f8b112d0a8703d6569bde05e03bbaf718402afa88d6e4c796e	106
member	data/guidelines/cdc-2022-opioid/align/cdc2022-opioid-s3-03.tsv	f654e175be4b8c5e557382a3741c296fe75932ac1750fb4f392073e249fc70b0	425
member	data/guidelines/cdc-2022-opioid/align/cdc2022-opioid-s30-02.tsv	8a78a28b1e5e2c893bb56b4c8863cd88a93541d9221bd097f57fd584c0105dbd	464
member	data/guidelines/cdc-2022-opioid/align/cdc2022-opioid-s30-03.tsv	14d049d510195ee38f899f8a563320141caa3cf43d112c702444053c7c589c15	386
member	data/guidelines/cdc-2022-opioid/align/cdc2022-opioid-s30-05.tsv	55f550611bbdbc1750bb09b15fe1ec0d4a65216fff2308a1dd8d87e6ba8b427e	416
member	data/guidelines/cdc-2022-opioid/align/cdc2022-opioid-s30-06.tsv	096d2885514be97d5a43fc23b6950420538f1678fd16245e7ec6ec43cf28d2da	672
member	data/guidelines/cdc-2022-opioid/align/cdc2022-opioid-s30-07.tsv	a0c375527d6f1562483334dbdd36dd520e01093e62c4b55829ee9e2307c89158	243
member	data/guidelines/cdc-2022-opioid/align/cdc2022-opioid-s30-08.tsv	2a3781e7db1bd6b58c758194f0bd536bc573082669b361f272160fcc31f95654	297
member	data/guidelines/cdc-2022-opioid/align/cdc2022-opioid-s32-02.tsv	507786ddaf8e6c5b4687dcee1fc03aba101c073c8bd67b7487bbcf6d3b017976	452
member	data/guidelines/cdc-2022-opioid/align/cdc2022-opioid-s32-03.tsv	036f595fd082195d7a1bc2a3417e4dac76af6408df6205c4b78a269eaab22d41	338
member	data/guidelines/cdc-2022-opioid/align/cdc2022-opioid-s33-01.tsv	5ec5d3c3ab84a7c83ab3ca88fea31eeac686aacf542cb113cfd28b85522f1a9f	212
member	data/guidelines/cdc-2022-opioid/align/cdc2022-opioid-s33-03.tsv	0c2eb1074b087b8292765199d57f6dd0d28a7edce19945384ccd33d756d82349	363
member	data/guidelines/cdc-2022-opioid/align/cdc2022-opioid-s33-04.tsv	5b4f509dc2a6eab295effabb820643f8e7a039cdb2ec619b100aad35510506da	144
member	data/guidelines/cdc-2022-opioid/align/cdc2022-opioid-s33-05.tsv	1fc47c470ec911295904ba6e37166273b6f14d9ddc5b6250139051783edce001	454
member	data/guidelines/cdc-2022-opioid/align/cdc2022-opioid-s33-06.tsv	9e7eb171401bfa359cbbd5b6e96cbffde4fba84af977a623f018fb6ba11efa8a	204
member	data/guidelines/cdc-2022-opioid/align/cdc2022-opioid-s34-04.tsv	e56d30ddc0d02b57d4758a5f01fa8093e54c4600a341f014a32c3ab09ef8efc0	633
member	data/guidelines/cdc-2022-opioid/align/cdc2022-opioid-s34-05.tsv	b8c7c3c3c67ba3c97974eea5ddf663b4623a1a6d3a8fcc7dd413407ced0df8ea	468
member	data/guidelines/cdc-2022-opioid/align/cdc2022-opioid-s34-07.tsv	f298d3a85da3f03b5020bd4c44964de86028f18017e11ab3074af3db0322edd7	338
member	data/guidelines/cdc-2022-opioid/align/cdc2022-opioid-s34-10.tsv	eb53092eb026618d5cfc7b276f5751ede350bae47d406459103fee466010aed6	782
member	data/guidelines/cdc-2022-opioid/align/cdc2022-opioid-s34-14.tsv	5e46f33223a9e951b294e3abf528376867838fb5706cbd5a579c49e402e1e405	263
member	data/guidelines/cdc-2022-opioid/align/cdc2022-opioid-s37-10.tsv	7a7e93f08135787f2dc1531b00a9fd318d076baa38aa66d7f2f83a93346ee849	373
member	data/guidelines/cdc-2022-opioid/align/cdc2022-opioid-s37-11.tsv	92e0b665db5bf7c34d5f01acb1f507b28e4f3a43a80c12e32e08403701e6fd87	321
member	data/guidelines/cdc-2022-opioid/align/cdc2022-opioid-s37-12.tsv	77b792bc2ab75445387de52133cb5e9db878b2c5f3fad4c9358c651c37ee1b6e	116
member	data/guidelines/cdc-2022-opioid/align/cdc2022-opioid-s37-13.tsv	999d2cb4777c634b20e65b34841c46c56566f659742a65fabf55cfb7040d3a5c	227
member	data/guidelines/cdc-2022-opioid/align/cdc2022-opioid-s37-15.tsv	5396129774e2011e4152b40775be1bddb1822aeba126e20244e50ac45c3e581d	187
member	data/guidelines/cdc-2022-opioid/align/cdc2022-opioid-s37-19.tsv	9daa2adbaa58e071542dc0e8656ee5c453721de6108680f9f4b151be9a5508ee	423
member	data/guidelines/cdc-2022-opioid/align/cdc2022-opioid-s38-02.tsv	a2c81efc38ea187fc994a8b1739e8a379f42ec8219a6bdf1f6ac791c60b5942a	734
member	data/guidelines/cdc-2022-opioid/align/cdc2022-opioid-s38-03.tsv	66bcf2711b698a3524557c8a26f08a16620295096bc9ed22a8f0576f3dc766a1	1087
member	data/guidelines/cdc-2022-opioid/align/cdc2022-opioid-s38-04.tsv	a48e7e8e08cf8d27d322b5cfd683be701b8fd4f37d2e9396f9ef84f5dbd24ef6	610
member	data/guidelines/cdc-2022-opioid/align/cdc2022-opioid-s38-05.tsv	42b2e23ae15be79462824bcdbaa3df69f1a21ba9b9a381f179524003da949d40	275
member	data/guidelines/cdc-2022-opioid/align/cdc2022-opioid-s38-08.tsv	ed01f015e60c716cec30f779ae7933aadbcf7ccf8a2a1d3dcbfba031292dc102	467
member	data/guidelines/cdc-2022-opioid/align/cdc2022-opioid-s38-11.tsv	a6150ff226239a91760ad85388085a2eccc563c11578b7cd7ea21d7fd495e84a	916
member	data/guidelines/cdc-2022-opioid/align/cdc2022-opioid-s38-12.tsv	8b5bc37c739493b9fc5791941944c342985b570a5a4e4f15450b965d1b454617	676
member	data/guidelines/cdc-2022-opioid/align/cdc2022-opioid-s38-16.tsv	1db77e6936f657138889ae10c6f6436f11da73e7b75e5b79507d4844eab537f9	539
member	data/guidelines/cdc-2022-opioid/align/cdc2022-opioid-s38-17.tsv	433ecb1b459e5959f6057a802cced6cad2a000bf9b5c1070f919a6e0e41152fd	617
member	data/guidelines/cdc-2022-opioid/align/cdc2022-opioid-s39-01.tsv	73e13ac094773853fa43023b700027120e88e920d64ee4189cd0ecc4bfcd9d6c	792
member	data/guidelines/cdc-2022-opioid/align/cdc2022-opioid-s39-07.tsv	0485626e8b3da8705bd339ea72d675e54b06ba93dc1adf0cb25a80cb1c3ef1db	219
member	data/guidelines/cdc-2022-opioid/align/cdc2022-opioid-s39-09.tsv	79bb76f820c4cef6c862bd724924cfb0db0ccdf36551e02a037d2d516a935d03	152
member	data/guidelines/cdc-2022-opioid/align/cdc2022-opioid-s39-10.tsv	c7d2c2f7bbe3a9ff790ca5ff71d5e1bd938cf455810b2ef17aa5258f917983a8	326
member	data/guidelines/cdc-2022-opioid/align/cdc2022-opioid-s39-12.tsv	c87393a86bb9353bf08b107ebebe6652c08ff7e8d2242e7cab1c3265d1c539a6	780
member	data/guidelines/cdc-2022-opioid/align/cdc2022-opioid-s39-16.tsv	707cf332cf0032bc07e58eedf18fde8fbbc7ad51d45283d62ca18abeb0060795	254
member	data/guidelines/cdc-2022-opioid/align/cdc2022-opioid-s40-01.tsv	4957825e8dacf0df116e8fa9b14de700afda7f76124650646a5349865de23b40	2229
member	data/guidelines/cdc-2022-opioid/align/cdc2022-opioid-s42-15.tsv	cbfec7bbd1f92d1d19db4482b1c7bb7b8b4599c282217b4cabb847dfc5d7433c	559
member	data/guidelines/cdc-2022-opioid/align/cdc2022-opioid-s42-16.tsv	e1e12617c4a0da05c46ab52ebe8d7e097f7b5238ddd695855ea1d6b37afce546	550
member	data/guidelines/cdc-2022-opioid/align/cdc2022-opioid-s44-04.tsv	fd27d782cb981afb207270dca2d0f2e4e82d6e627f0e26713dc3e9a772fa788d	928
member	data/guidelines/cdc-2022-opioid/align/cdc2022-opioid-s44-17.tsv	7f98a34f6db07ac0fa01c7c5e2d2ce6e4299d2cd2e76af6f9837985c66db601a	1139
member	data/guidelines/cdc-2022-opioid/align/cdc2022-opioid-s44-18.tsv	c1420dba8e6ff589705f6141efe848041aab7b4a8660a919789d5a8d09cf4fa7	680
member	data/guidelines/cdc-2022-opioid/align/cdc2022-opioid-s45-01.tsv	ce5c49ea824253a9069cc7e3f781265234f233f77fc9a453d32b22c0cac04dc2	330
member	data/guidelines/cdc-2022-opioid/align/cdc2022-opioid-s45-02.tsv	269a7aaf6f74c8cc14e948a1e78bc45bb6e3efd2cdf82eac9a1c353c6f0da850	826
member	data/guidelines/cdc-2022-opioid/align/cdc2022-opioid-s46-11.tsv	8d5aa8e9e6ed2a7da56883dbc23ab5e9e163cea740234e7ba191fdcbb46f7365	610
member	data/guidelines/cdc-2022-opioid/align/cdc2022-opioid-s46-16.tsv	ac648dd43b833d237213eb7e371fa266612e8f60cf796b642670a083fdca53b4	409
member	data/guidelines/cdc-2022-opioid/align/cdc2022-opioid-s47-01.tsv	701a4a756a92e6a8c3c9e64af4e3d63eebf78ead170cf6ec5b241bf5acce3988	1256
member	data/guidelines/cdc-2022-opioid/align/cdc2022-opioid-s47-05.tsv	10af83ea69604c434be9e2de7866cdcb3a1be68175487e2f60e77024c3969586	597
member	data/guidelines/cdc-2022-opioid/align/cdc2022-opioid-s47-06.tsv	2052f29b360208a274edb51796951c1337ea400ebf109a9483715de28acf8933	493
member	data/guidelines/cdc-2022-opioid/align/cdc2022-opioid-s47-07.tsv	0e200a17a2a7a8b24d472c42be6e02da7df02c8cc339d798cc140f5aa4706766	430
member	data/guidelines/cdc-2022-opioid/align/cdc2022-opioid-s47-08.tsv	6776f3f73c49e3445eb183a6330f3865acd7fb670971f718ae1e82299308f419	658
member	data/guidelines/cdc-2022-opioid/align/cdc2022-opioid-s47-09.tsv	c82e7a6d3f8cb27ec7e58c1fb566ed210cf2342fed30242e8eb6bf40029da92a	233
member	data/guidelines/cdc-2022-opioid/align/cdc2022-opioid-s47-16.tsv	e5705e527eea2ff1c84436f7625dc4f3a4ec3d562142329017c8d3ffc9429066	928
member	data/guidelines/cdc-2022-opioid/align/cdc2022-opioid-s47-17.tsv	1ed8af1a56cf9a6f6ceb74f9a21c07ac7237b60d8dd6816238cb2de95e84106b	1399
member	data/guidelines/cdc-2022-opioid/align/cdc2022-opioid-s47-18.tsv	11bbae817726f19266795d8e0c7470e9e60e211a6735450bd29a64acec9a3ce4	1165
member	data/guidelines/cdc-2022-opioid/align/cdc2022-opioid-s48-02.tsv	60818660def58e68757929d3c2c1427498b07bf2376b25d2707553e48bca5dc5	442
member	data/guidelines/cdc-2022-opioid/align/cdc2022-opioid-s48-04.tsv	8223ac8dc5c543c1a01f72f6da23ed1ea2f02b76c96f70282fc2f98ffcd44b6b	457
member	data/guidelines/cdc-2022-opioid/align/cdc2022-opioid-s48-06.tsv	14278b9f9579139c3f6f5e60dcb62ea0037a81c7ee2f809de7c9c8becde0caac	486
member	data/guidelines/cdc-2022-opioid/align/cdc2022-opioid-s48-09.tsv	b0f03a020212a140bf4be4a08560b9bed50d0d7a173f11d78702c18a94d6a2b2	557
member	data/guidelines/cdc-2022-opioid/align/cdc2022-opioid-s48-10.tsv	5d91619d4270cf5409a1e49ca40466ff94468e12dca0c62b002452e0d2efef65	259
member	data/guidelines/cdc-2022-opioid/align/cdc2022-opioid-s48-12.tsv	3790e330c5591b9b5cfd40dca2f452c3e0b6d6e3d1513d052c5edd411fb24888	920
member	data/guidelines/cdc-2022-opioid/align/cdc2022-opioid-s49-02.tsv	567c8220edfdd0d28b5761f93a7b106968fc4c1f27032c63187c0ca5959a7d09	683
member	data/guidelines/cdc-2022-opioid/align/cdc2022-opioid-s49-03.tsv	c919525b9a2b662479211c82aaf5334e29e50c8a07deab06ec0b19e194e8a770	693
member	data/guidelines/cdc-2022-opioid/align/cdc2022-opioid-s49-05.tsv	3dbd7e862a8e0e7f149598e0a9908edd075c2b28ba3fc6962095ec5d0a26b953	97
member	data/guidelines/cdc-2022-opioid/align/cdc2022-opioid-s49-10.tsv	aeacc5fbdec162012b0169726857391e1a925a737d431c2686f3154c5238de57	453
member	data/guidelines/cdc-2022-opioid/align/cdc2022-opioid-s49-14.tsv	7f76d27b23829d5c5ff480fdfc78f2f1ae39eac44ea1af6ff96b868b461941f7	1302
member	data/guidelines/cdc-2022-opioid/align/cdc2022-opioid-s51-11.tsv	4637cba94b845a29207b5a8be80420f57053d9468bb8387e26726f0f757a376f	166
member	data/guidelines/cdc-2022-opioid/align/cdc2022-opioid-s54-02.tsv	f61b47ff439f453809c7c390c20da5332836c68d3a50a8b64e4f82e2d13a927a	186
member	data/guidelines/cdc-2022-opioid/align/cdc2022-opioid-s54-07.tsv	5b93cf65e54cd08f79050dd8dc1376b0c81a4efb5f79032346682b8efdf28baa	410
member	data/guidelines/cdc-2022-opioid/align/cdc2022-opioid-s54-09.tsv	f7048ead5bf45860313214dc2c45eaea89e198ea07b7c1611151dffd20e15dcf	583
member	data/guidelines/cdc-2022-opioid/align/cdc2022-opioid-s54-15.tsv	e6a7dad2e6801de1cfbf3e8bf9ad78942f4c997628263ff8058f3a82f4f417d1	1058
member	data/guidelines/cdc-2022-opioid/align/cdc2022-opioid-s56-04.tsv	3b68017f0b4a342e410f5391f2236bd88dd61a517f9035972740a1da8a9935f3	1039
member	data/guidelines/cdc-2022-opioid/align/cdc2022-opioid-s58-10.tsv	82da1aef2084fbedb28473b7edc8b4c957dd3f08acaf7127de37cdc8a3029fe5	437
member	data/guidelines/cdc-2022-opioid/align/cdc2022-opioid-s58-12.tsv	0f41daced644281e6fc9b04fd44efee0af5f43a5ea0d9efd5e2a867fdfbb0245	795
member	data/guidelines/cdc-2022-opioid/align/cdc2022-opioid-s58-13.tsv	748a4b58d950426d57c81b1f82d922d2cfb56ed41640658510ea3dfe8bc94b19	884
member	data/guidelines/cdc-2022-opioid/align/cdc2022-opioid-s59-03.tsv	030a09365975f70fb6878201607eff17e5b855cbacd758d381d9e326e8bcd976	168
member	data/guidelines/cdc-2022-opioid/align/cdc2022-opioid-s59-06.tsv	15932570e13c46e10aff470f9b8625fdb478cfe92b1da6d82b15b619310ebde3	591
member	data/guidelines/cdc-2022-opioid/align/cdc2022-opioid-s59-07.tsv	aabf4dee0308920a1e37f158e7fc38e28b8915ea8be765a1318e24332b41b48a	317
member	data/guidelines/cdc-2022-opioid/align/cdc2022-opioid-s59-12.tsv	9730e1261780696befa275fa408799cc116cc79b3fe999803164d050b0a27610	368
member	data/guidelines/cdc-2022-opioid/align/cdc2022-opioid-s59-14.tsv	86ae184d3bf79bd3cdd9defd37377e64ebcaaa4416e7b1896cd26212aec65d81	277
member	data/guidelines/cdc-2022-opioid/align/cdc2022-opioid-s59-15.tsv	b8cd4348fc2d9b13b5517abd40df03dd410f634b7b5afdd72b7d4cfe477fa9ad	552
member	data/guidelines/cdc-2022-opioid/align/cdc2022-opioid-s6-02.tsv	f35cf42476b2a4f59014e0afd713eea1ddf998fd51fd0e4f0c2fbe8065eb2647	1178
member	data/guidelines/cdc-2022-opioid/align/cdc2022-opioid-s60-02.tsv	0ad7667b2f2f7a1f16bb81140f7a27365e98178df0cb0bfcb8808b226d157064	671
member	data/guidelines/cdc-2022-opioid/align/cdc2022-opioid-s60-05.tsv	cb4c58275c90e527eb59bffd44a11bbd10c2223699d29e91bc3bbfa82fcb5f92	656
member	data/guidelines/cdc-2022-opioid/align/cdc2022-opioid-s60-08.tsv	7b3ea871a08c4d5339ca0a6144de4fb55d598cdb8b70efe1c9d5a83730beebd7	864
member	data/guidelines/cdc-2022-opioid/align/cdc2022-opioid-s60-09.tsv	a60e1a7feebd02647b67867f20e3adc1e060da89a819686318bf5fc0647ded0c	819
member	data/guidelines/cdc-2022-opioid/align/cdc2022-opioid-s60-10.tsv	31e0a83d03d1d7368effeb6bfa534195f46b4d58062afd97c8ab10d497d8b768	228
member	data/guidelines/cdc-2022-opioid/align/cdc2022-opioid-s60-13.tsv	09b5d5b819372a8d0d7eeeecf2419774505edb9635d38a47f6965d4ff2c1546e	477
member	data/guidelines/cdc-2022-opioid/align/cdc2022-opioid-s60-14.tsv	667ff28aeaf7a47bd00df5e1feda709a39f9c2cd152ab8aadc0444ed583ae5dc	627
member	data/guidelines/cdc-2022-opioid/align/cdc2022-opioid-s60-15.tsv	2a4577b805f5a01a4f63c745764552db7f2fbe716a55bab404ac342c19350792	424
member	data/guidelines/cdc-2022-opioid/align/cdc2022-opioid-s60-16.tsv	1340cf59c4a14d88d93c6e260d0e746a08bfc68e58f0094ce8cde8427d79bd64	949
member	data/guidelines/cdc-2022-opioid/align/cdc2022-opioid-s60-17.tsv	357da3c525d6ac077592f9b71b1d1aceba8f10012c8283b0bd007643da8df145	394
member	data/guidelines/cdc-2022-opioid/align/cdc2022-opioid-s60-18.tsv	ffac94f5c719d1a40950cc8f761317e265dec11d966385584fcae650bee0eb49	837
member	data/guidelines/cdc-2022-opioid/align/cdc2022-opioid-s61-03.tsv	1e20bf690dd86191f25d117c0366ebce58167a976da8565ac49a1845a294c154	1438
member	data/guidelines/cdc-2022-opioid/align/cdc2022-opioid-s61-07.tsv	1a9b621dee3b830ae15b8154c1113c07b7135435a7d44bfd72ba109a282127bd	305
member	data/guidelines/cdc-2022-opioid/align/cdc2022-opioid-s61-09.tsv	3584cb872d8c081af7080f3dd6bd26b9917847f5b5e7a48599f88d0f8a467001	174
member	data/guidelines/cdc-2022-opioid/align/cdc2022-opioid-s62-03.tsv	2e716f53299124535bc554fd16b895163d6db35766c92017bcf653a311910503	724
member	data/guidelines/cdc-2022-opioid/align/cdc2022-opioid-s62-04.tsv	c21c9d90fa35b34948156cc91bcba04ba5fe67ff45ee4fb1ca67fed66b337dd5	340
member	data/guidelines/cdc-2022-opioid/align/cdc2022-opioid-s7-02.tsv	86877dd1379e7c3549240677c5d3d9f6fc018d1eb09e4c5a9c713ebc551efbf4	456
member	data/guidelines/cdc-2022-opioid/align/cdc2022-opioid-s7-03.tsv	c7daeed275fde0c7e6eb09f301430737726ba16df8d337acb627fa3120406ba9	268
member	data/guidelines/cdc-2022-opioid/align/cdc2022-opioid-s8-06.tsv	49e48f18cf868350e679840278818bce6a7d78cbaadbaf23ec077cd7c1c0f9e1	1343
member	data/guidelines/cdc-2022-opioid/align/cdc2022-opioid-s8-09.tsv	bc87707e3d51d0ae0495c8cacc4be77bcb1ac437f43d91c636481d855160d6b9	1025
member	data/guidelines/cdc-2022-opioid/align/cdc2022-opioid-s8-10.tsv	a09ced988806e164f2c9dd9e6b141242c33b02451122e6c90d5a7ea977f2860d	913
member	data/guidelines/cdc-2022-opioid/align/cdc2022-opioid-s8-12.tsv	e76ab370e97e6986cecdb879cd7670bfe8d7b3bfc2057903b1fc6b00420a5a48	829
member	data/guidelines/cdc-2022-opioid/align/cdc2022-opioid-s9-01.tsv	b02acca418dfa709b3acc6f2a9eaadd780ab8ecb75ad50b9e5fe78f113dbfc2e	1864
member	data/guidelines/cdc-2022-opioid/align/cdc2022-opioid-s9-04.tsv	b3e1834350a8a8f92e339ce1047fb113eeb3cab22b61da8886ab8cbf066e409e	535
member	data/guidelines/cdc-2022-opioid/align/cdc2022-opioid-s9-05.tsv	8bd72245d5b3351b30bd8c53ea5c899cda07a3cd52ef51703c7930750fb49443	1855
member	data/guidelines/cdc-2022-opioid/audit/census-map.tsv	49f0f096a3a166733bb673733a03b047c3c52b755e6421e4bc07b50862c3e91c	18815
member	data/guidelines/cdc-2022-opioid/audit/lexicon-rejects.tsv	f4d37d1f4baa1bff8dfddf45b007eef7509a1db2d1dc06afad87170e90bc9761	26
member	data/guidelines/cdc-2022-opioid/audit/lexicon-shadow.tsv	e5d99a9a163290e6c7c68d088712d1633eed9fd410ab7e2f240cff4a431e1577	3562
member	data/guidelines/cdc-2022-opioid/audit/projection-notes.tsv	82ec66771e42f73868e954028805320debfa58bb75258b57236bdb61d2861db6	143431
member	data/guidelines/cdc-2022-opioid/audit/review-manifest.tsv	3197bc266cba76ac4fdcb6b3cf0c68aa854293ed8945149dd5cf7c6313504453	117951
member	data/guidelines/cdc-2022-opioid/coverage.tsv	06d3ea4ee4fe58574aa9185453a87d1b03946fcb55fe02e340549c5fa83860d2	87622
member	data/guidelines/cdc-2022-opioid/lexicon.ulex	0b669018d532f506c518a6b0edffa4994f771b930477e7e2b36faf50d2b75d33	78140
member	data/guidelines/cdc-2022-opioid/pl/cdc2022-opioid-rec01-imp01.pl	3faa955ee64e2085b09a38643b5e4e7ae4b9d6f2cbc382bec92b0f808a765790	6502
member	data/guidelines/cdc-2022-opioid/pl/cdc2022-opioid-rec01-imp02.pl	7488a2073fb54de9d69a95301316f474f7d8b9ef650a80884234576e90ceb196	12236
member	data/guidelines/cdc-2022-opioid/pl/cdc2022-opioid-rec01-imp03.pl	349951e193d8011adc84ba3ac05310844c72119ebafca38b94b72faba7f8064d	20020
member	data/guidelines/cdc-2022-opioid/pl/cdc2022-opioid-rec01-imp04.pl	8d43a100be62401a8c2a4d5f8a0ea7186f087864f7ae632baca075c63a7f9f60	23277
member	data/guidelines/cdc-2022-opioid/pl/cdc2022-opioid-rec01-imp05.pl	182551b034c9f7e44ed4087f3d750c889f95210a41e397ba360e4821fbec8b5b	33302
member	data/guidelines/cdc-2022-opioid/pl/cdc2022-opioid-rec01-imp06.pl	d7bbfc6e78d3fd29644823bc7c40cec24aa19cf15758666bc28aaa3adcb0313e	21640
member	data/guidelines/cdc-2022-opioid/pl/cdc2022-opioid-rec01.pl	84bc93d1759578dd8392f47770228a6983a86164dba8160497eecaf9cb5203e0	17835
member	data/guidelines/cdc-2022-opioid/pl/cdc2022-opioid-rec02-imp01.pl	968f04c484dd0e893155af1fe45cd2ac28ca2f6c6f631d5938a1914d5002336b	5594
member	data/guidelines/cdc-2022-opioid/pl/cdc2022-opioid-rec02-imp02.pl	ee55e746d569c12b695648c077c262cf916f2af2f8ecdb9043dbef0d7d1f9db5	63114
member	data/guidelines/cdc-2022-opioid/pl/cdc2022-opioid-rec02-imp03.pl	f9b0eec5ecea0215466e22e2e0cca64961099626600b6ef9635684e2416f73fa	8098
member	data/guidelines/cdc-2022-opioid/pl/cdc2022-opioid-rec02-imp04.pl	733324f1106ab32ad88c3f65bee032011fa8ca68e6b621d3c8901c4297b96c12	11595
member	data/guidelines/cdc-2022-opioid/pl/cdc2022-opioid-rec02-imp05.pl	fd437242aa76008568c652a332c3da28be17dc065df31965879cc6aec4f0dd63	10707
member	data/guidelines/cdc-2022-opioid/pl/cdc2022-opioid-rec02-imp06.pl	d5943827a732c49ecfce759f65edbc6507402b01a7e68ba4cbb26b6f48e5bef3	12016
member	data/guidelines/cdc-2022-opioid/pl/cdc2022-opioid-rec02-imp07.pl	c1da3181377c636804175881e521f913864dfafed74a9d2bf646b0c842d5177b	17570
member	data/guidelines/cdc-2022-opioid/pl/cdc2022-opioid-rec02-imp08.pl	6c643a771d95f9c096f474d54a0ecd9091c882c5a67371357de4bb1b94470924	18347
member	data/guidelines/cdc-2022-opioid/pl/cdc2022-opioid-rec02-imp09.pl	5c5664e839685b2ccc659f31f637398b88c7304de16b72cfe159f855904f6e7d	13326
member	data/guidelines/cdc-2022-opioid/pl/cdc2022-opioid-rec02-imp10.pl	922cfc538e35da45bbf2ada0c7a52f8fe7b24a0ad7af879ea5047d2537022187	16294
member	data/guidelines/cdc-2022-opioid/pl/cdc2022-opioid-rec02-imp11.pl	ba00d49bce8a7d7a6535d4493b1ad344ab61c326ae3ff2c340f7fcf6edce8f21	16483
member	data/guidelines/cdc-2022-opioid/pl/cdc2022-opioid-rec02-imp13.pl	4c76255b136298ba4c212e9b45ed63c3aebf7d4c614155efc99eebd0c57168ce	5258
member	data/guidelines/cdc-2022-opioid/pl/cdc2022-opioid-rec02-imp14.pl	076d02db37968743ccf8b4e2251e3dec25547f604744a97b6a905576fffdd18b	12411
member	data/guidelines/cdc-2022-opioid/pl/cdc2022-opioid-rec02-imp15.pl	f5b22d2468b6a8b059d6a8de38cd9e98c4a79bb434f1431d2be54c8a78f6e695	10745
member	data/guidelines/cdc-2022-opioid/pl/cdc2022-opioid-rec02-imp16.pl	d295c4043a6d525ae9a639560688f04e394babd7ba28156121fbd8f4b1c65e79	5217
member	data/guidelines/cdc-2022-opioid/pl/cdc2022-opioid-rec02-imp17.pl	5319da733a85ba59ebba5589459e3711d25591aefb9eabc83a541896acfe652d	19502
member	data/guidelines/cdc-2022-opioid/pl/cdc2022-opioid-rec02-imp18.pl	084054ee4c3f2d5c33ab09dfbee6d6edfacba52c762a8a4ed4eca6a84af23d1f	10217
member	data/guidelines/cdc-2022-opioid/pl/cdc2022-opioid-rec02-imp19.pl	c609473014f80799100d2c5c9a694f991eaa6cb91affc33880670b9b3c965efd	19621
member	data/guidelines/cdc-2022-opioid/pl/cdc2022-opioid-rec02-imp20.pl	cbcf5aae8c4dc425a3c2f517ad82712c5d2754c59baa09744c8fbf6624109c1f	19911
member	data/guidelines/cdc-2022-opioid/pl/cdc2022-opioid-rec02-imp21.pl	206b295eb29dab369550c7f11b6203c52b1859a7ac5b06a656c9238efde90ad1	15272
member	data/guidelines/cdc-2022-opioid/pl/cdc2022-opioid-rec02-imp22.pl	06caf95644673093e906f6c97084d0675d9e7c3efb58d1ce87c89122102bd0d0	11327
member	data/guidelines/cdc-2022-opioid/pl/cdc2022-opioid-rec02-imp23.pl	53a57e45bad51f74c3db6a4abf8251b52b3ba06841fcad58d293b399ec96e1ee	4760
member	data/guidelines/cdc-2022-opioid/pl/cdc2022-opioid-rec02-imp24.pl	4ee95e0daadaa0a5eb2837eeea958bc39dd5d633cf86f4ae2dfe410aac83a96c	6917
member	data/guidelines/cdc-2022-opioid/pl/cdc2022-opioid-rec02-imp25.pl	eadd44b3e82582388ef44c551188d53e733b61a48858a34f0488deef80939ee6	17729
member	data/guidelines/cdc-2022-opioid/pl/cdc2022-opioid-rec02-imp26.pl	ff8e11d0787b9192f1e5a987dfb00a50efcaf9059a697cb3a698fb7372bfbd4f	33054
member	data/guidelines/cdc-2022-opioid/pl/cdc2022-opioid-rec02.pl	aeb93f832776a88e999134a8d58de5417a0bfb87f6daf711f3bd70a7b167cd30	26394
member	data/guidelines/cdc-2022-opioid/pl/cdc2022-opioid-rec03-imp01.pl	d24c595f360c761f8c82bbf5c07122fecd41b685d5b32aa049200eda24b339e0	12351
member	data/guidelines/cdc-2022-opioid/pl/cdc2022-opioid-rec03-imp02.pl	0cd47abee5812eef00a538a12632818ead9f398424aca8e362604eee27f3b698	4018
member	data/guidelines/cdc-2022-opioid/pl/cdc2022-opioid-rec03-imp04.pl	45785a987a649cf43d128fb9998f2f812d25ed42e341e818914ec1a92fd54613	13830
member	data/guidelines/cdc-2022-opioid/pl/cdc2022-opioid-rec03-imp05.pl	a973b509abb99c02bab88ab630786db7a50f9671881970e24ef7479bb9d58761	22919
member	data/guidelines/cdc-2022-opioid/pl/cdc2022-opioid-rec03-imp06.pl	3d715b9e8814765470c81cd4e4a958b29a56f07aaacb2739a7ba0eab1ac133cf	4291
member	data/guidelines/cdc-2022-opioid/pl/cdc2022-opioid-rec03-imp07.pl	ddcda9410c2758535773d360593803f7305593d651c32130a685a3dcf32a562c	25495
member	data/guidelines/cdc-2022-opioid/pl/cdc2022-opioid-rec03-imp08.pl	16ecb502948903eb43f07a227d42fde91a0b2761e0bfc5a95febcc4776629c1c	11771
member	data/guidelines/cdc-2022-opioid/pl/cdc2022-opioid-rec03.pl	b1f37592436df6e06b2f979bb4a102868c5ac38da7b9a89fcf40306efc585fc7	34291
member	data/guidelines/cdc-2022-opioid/pl/cdc2022-opioid-rec04-imp01.pl	1ba95bd3192562c84636a18659dd4feaf52eb555394197cea1953ff421203bb3	6498
member	data/guidelines/cdc-2022-opioid/pl/cdc2022-opioid-rec04-imp03.pl	495f996125c0d198fac2fa44cdc8d71d0fa93f5090a759bf649830927c31b221	5290
member	data/guidelines/cdc-2022-opioid/pl/cdc2022-opioid-rec04-imp05.pl	7a131fcfcaec607299cacd65ddc18ac3e357e02ce618332ffcbd02165a6af6e4	21718
member	data/guidelines/cdc-2022-opioid/pl/cdc2022-opioid-rec04-imp07.pl	4a0b88462cb30da0a3a8e53a6f3e317cc6a861f7cc9119a473eab321d698ebbe	11890
member	data/guidelines/cdc-2022-opioid/pl/cdc2022-opioid-rec04-imp08.pl	8c3f1c71d2fd3268280965d5bf3ccd44063363c3bc1affc7880b44b41781f056	7112
member	data/guidelines/cdc-2022-opioid/pl/cdc2022-opioid-rec04-imp09.pl	329036353d5b0926e70bc441aae88568b1c10a3b67adf0de4e59b5f122e9053e	18551
member	data/guidelines/cdc-2022-opioid/pl/cdc2022-opioid-rec04.pl	bfb725900e302f6e57c919ab5a0edb900b8ae5d4ce8c7d2b3130d88bd448e591	57763
member	data/guidelines/cdc-2022-opioid/pl/cdc2022-opioid-rec05-imp04.pl	d8733f4ea6a8918995752c433913e463145b982f823fcdf08b6541c4e3879874	11234
member	data/guidelines/cdc-2022-opioid/pl/cdc2022-opioid-rec05-imp05.pl	dc14a87c790bff56b3b1a740fd79cfa47181a2903dc720c2f8ac731e703c7bb2	15295
member	data/guidelines/cdc-2022-opioid/pl/cdc2022-opioid-rec05-imp06.pl	dcd473f84662f83885772073b164fb12de3a2153b73c4a3702aaf8466ce9dc74	22998
member	data/guidelines/cdc-2022-opioid/pl/cdc2022-opioid-rec05-imp07.pl	4297d4400acec0b3fce5fd209da7cee466eb3b01c5a4479d45126a10dce3d753	8862
member	data/guidelines/cdc-2022-opioid/pl/cdc2022-opioid-rec05-imp08.pl	611bb6cd1374fec8b064819d35ed1e0b781a601bce8dc5ab6085e42a89beb537	8866
member	data/guidelines/cdc-2022-opioid/pl/cdc2022-opioid-rec05-imp09.pl	b7d35ebadcdc654cb3bc1430329666dbc450befc5c2d0d052b0347e23e9d3dc8	22127
member	data/guidelines/cdc-2022-opioid/pl/cdc2022-opioid-rec05-imp10.pl	a34e38488488f7550995b979d12613e480f0e370b72756322265fb9b4a2f2ace	7104
member	data/guidelines/cdc-2022-opioid/pl/cdc2022-opioid-rec05-imp11.pl	39fd7ad150825b082e40f5f1e84ce330770caaabde7bfb762f82dde74d660ad1	5257
member	data/guidelines/cdc-2022-opioid/pl/cdc2022-opioid-rec05-imp12.pl	508ed019fc71f917a62088d732a5c76f0d6568a7b6c053902dbdc564ec7aadc3	20545
member	data/guidelines/cdc-2022-opioid/pl/cdc2022-opioid-rec05-imp13.pl	218da658146fe37c40e290a2fc9ea5c51f44bfce28b8b2f2d64f1577eb85accc	8259
member	data/guidelines/cdc-2022-opioid/pl/cdc2022-opioid-rec05-imp14.pl	e42db6c6ed2853591cfa621584018f2a9b415d41574fd060edda69126a504e5a	2946
member	data/guidelines/cdc-2022-opioid/pl/cdc2022-opioid-rec05-imp15.pl	cd3b2b7fa9f8c3530ddf49542d0a164fd9407fdad8bd6ffc19d0cf2feb6ac247	9392
member	data/guidelines/cdc-2022-opioid/pl/cdc2022-opioid-rec05-imp16.pl	94544bdc1f29c83327e9e8a66b53cc5e4f30a2d06a129b338af7594db9efc833	16027
member	data/guidelines/cdc-2022-opioid/pl/cdc2022-opioid-rec05-imp18.pl	7e44c4145c52ec36c4a11a2b7394e8b0deafe647134881153425cae450722ea9	9911
member	data/guidelines/cdc-2022-opioid/pl/cdc2022-opioid-rec05-imp19.pl	5d9fcda236748c0455693fee26aca1c218ea62e6eb03e5ca86cd96600d644312	10825
member	data/guidelines/cdc-2022-opioid/pl/cdc2022-opioid-rec05-imp20.pl	345e533b704cf2a029737f0897a89047b394009c5c27384f14c1097f952e11af	7224
member	data/guidelines/cdc-2022-opioid/pl/cdc2022-opioid-rec05-imp21.pl	e8ac4e8ad6bf05952c6f87912cc5fced98a907976832edf7b8a19645e11192a5	12713
member	data/guidelines/cdc-2022-opioid/pl/cdc2022-opioid-rec05-imp22.pl	8d7091dd8f7a8c300f5163fe5917784b375a2156e5016e34dde3460c6221f5dd	31037
member	data/guidelines/cdc-2022-opioid/pl/cdc2022-opioid-rec05-imp23.pl	c21d5d42b78fd722daf122f8407eff62637001d051db2e69738a57f92a38835d	9752
member	data/guidelines/cdc-2022-opioid/pl/cdc2022-opioid-rec05-imp24.pl	0d74b864e9bf6cdd9f7550b447322b51cd4ce5f5712ffa1bae469b5768b0830d	6398
member	data/guidelines/cdc-2022-opioid/pl/cdc2022-opioid-rec05-imp25.pl	75e9a18fa932a0736aa68b1581ff8faec951743ff42c3532f299713c8f812926	14784
member	data/guidelines/cdc-2022-opioid/pl/cdc2022-opioid-rec05-imp26.pl	a6053a68be72223f6d515de19f226937e380ed0a09039f6354dfb961b7febe39	6585
member	data/guidelines/cdc-2022-opioid/pl/cdc2022-opioid-rec05-imp27.pl	4f29ae2131f52a5008cce13a5078d7191614edbb65ed9a76f92a993146c4f71e	8507
member	data/guidelines/cdc-2022-opioid/pl/cdc2022-opioid-rec05.pl	b73e245e6a80c1ee7c5718fec0b093d9a3dbacc66e4ba02409797b9f45249c19	43720
member	data/guidelines/cdc-2022-opioid/pl/cdc2022-opioid-rec06-imp02.pl	9e82220bff5237f9e50e634edd121d108d1ed7d1e82505bd3b53af75165f6101	6110
member	data/guidelines/cdc-2022-opioid/pl/cdc2022-opioid-rec06-imp03.pl	5b032ff8c5f98d52476beff8f34c1e580bbb4dfd6e90e6817ac2739616291394	3203
member	data/guidelines/cdc-2022-opioid/pl/cdc2022-opioid-rec06-imp04.pl	54abfa3207846d44955aa01b70ad6fa93fb0b6d150fa44f67e080c01e435afc7	19001
member	data/guidelines/cdc-2022-opioid/pl/cdc2022-opioid-rec06-imp05.pl	39fa46b0b1b0ff4e03b315aa01e9ced77a4e43e11abcdcdb54a63e53654eb3c6	8749
member	data/guidelines/cdc-2022-opioid/pl/cdc2022-opioid-rec06-imp06.pl	e4cf5c350025f0cebb148e9177405d6a676eeb2099ebc1014dd944cf1577f371	25871
member	data/guidelines/cdc-2022-opioid/pl/cdc2022-opioid-rec06-imp07.pl	54c46752a6c9873dd79a146d2998a270b0f532e409047b69cddb974814fab784	9362
member	data/guidelines/cdc-2022-opioid/pl/cdc2022-opioid-rec06-imp09.pl	2e48a053f60d9392a7948b0e94e42f232f76000d1a68715a0212dc05b8bccd2e	13855
member	data/guidelines/cdc-2022-opioid/pl/cdc2022-opioid-rec06-imp13.pl	3f47e29d292eb7dfd0ab0783c5beb3432ee36d944542fb324bcb909ae1837de1	10116
member	data/guidelines/cdc-2022-opioid/pl/cdc2022-opioid-rec06-imp14.pl	19ad50ff24a13b2ba9b40398e613826ba025cbd44700115e8c1bb898ec368e80	9147
member	data/guidelines/cdc-2022-opioid/pl/cdc2022-opioid-rec06-imp15.pl	1fc35f14bc897b8a31ea3f3df1440e08007cabaf5b6b45a5414058006288f10d	16789
member	data/guidelines/cdc-2022-opioid/pl/cdc2022-opioid-rec06.pl	edf14a23bd3e51397aac8aa1921ac9339f959fabab28b2226fd03da94cabf194	8655
member	data/guidelines/cdc-2022-opioid/pl/cdc2022-opioid-rec07-imp02.pl	e485431de5438c2a8a955b4222d4ded212f454a4f49973cdb08b2075ad8aeb86	15348
member	data/guidelines/cdc-2022-opioid/pl/cdc2022-opioid-rec07-imp03.pl	796f61d0f10ef982b348126505963c3c745e9d60c70f8d8f9357c5356f43fe00	15800
member	data/guidelines/cdc-2022-opioid/pl/cdc2022-opioid-rec07-imp04.pl	02f97e968287a268401e2e1a502e85c5bc04f2cc444edbb1e70a7736879d1ae2	51647
member	data/guidelines/cdc-2022-opioid/pl/cdc2022-opioid-rec07-imp06.pl	85f2fc21340a705e354857bea1206381960aea84fb3eb81a5c6e65a7533cc646	19533
member	data/guidelines/cdc-2022-opioid/pl/cdc2022-opioid-rec07-imp08.pl	0dcb8dc1361596fbb2db64a8e0885b6bacb6b261c6c8dc8c8eca49fde8b9ef75	21652
member	data/guidelines/cdc-2022-opioid/pl/cdc2022-opioid-rec07-imp09.pl	f135c576b7fb201e33c5fc760af8ba0534cd80bc563508656d28ccca4bfc16fd	7736
member	data/guidelines/cdc-2022-opioid/pl/cdc2022-opioid-rec07-imp10.pl	73f8b21173e0671b2a367c61ffed02e4f2d756a2f32348bd2ee5e91f2e16f5b3	13268
member	data/guidelines/cdc-2022-opioid/pl/cdc2022-opioid-rec07-imp11.pl	3d807d4c357e62e4748ff9454d31988fc0c098326d04db56c6f59630e534bc33	15683
member	data/guidelines/cdc-2022-opioid/pl/cdc2022-opioid-rec07-imp12.pl	743582e7a2177cf6a612ff170ddeeb6dde07e24b6f694b38f34d1bf5e8f8a7b3	38110
member	data/guidelines/cdc-2022-opioid/pl/cdc2022-opioid-rec07-imp13.pl	f697a2e3548b879e9a2421b31c0660074976b5bba17802c4d170a22f3772f1db	13239
member	data/guidelines/cdc-2022-opioid/pl/cdc2022-opioid-rec07-imp14.pl	0790c5c27c34faa318b06be08d9a34b323d836cd64a4b68bc43cde917ba4d194	13575
member	data/guidelines/cdc-2022-opioid/pl/cdc2022-opioid-rec07-imp15.pl	3900b019ead15f50cedd2b9f3ae679fa9d5f87a250557536bb9cf3e3c403645a	39281
member	data/guidelines/cdc-2022-opioid/pl/cdc2022-opioid-rec07.pl	c8e14ce261ab7ffd4d5eb6fe75a863a50e3bab596f1c0d565b703c00ca9b97d5	43928
member	data/guidelines/cdc-2022-opioid/pl/cdc2022-opioid-rec08-imp01.pl	97bcf37df8c25be49ea769ac7e07260988930e0bf0de8ae5ce133410dbdb0b0e	29977
member	data/guidelines/cdc-2022-opioid/pl/cdc2022-opioid-rec08-imp02.pl	d976bda34c4062541dd37145b05e49f660bbbcd17e9581cc942293192e0b5f0d	14454
member	data/guidelines/cdc-2022-opioid/pl/cdc2022-opioid-rec08-imp03.pl	2e90a9cb0bc6a5b6b0cc5d77a4ce83e8920a801830b3c071c0c8aafec5bca479	40160
member	data/guidelines/cdc-2022-opioid/pl/cdc2022-opioid-rec08-imp04.pl	b1c9bcf78c0f6939fc930f3f56e201330d6052f757377bb36c543c9347e8c570	12331
member	data/guidelines/cdc-2022-opioid/pl/cdc2022-opioid-rec08-imp05.pl	066b8664e75d2f187062b1900bd8177183bd9b8427b039853e93ccb702da5e2f	9957
member	data/guidelines/cdc-2022-opioid/pl/cdc2022-opioid-rec08-imp06.pl	90f702abba4c88eb25506502812bfd720c45657c724486ac38152c869c4d7d68	11851
member	data/guidelines/cdc-2022-opioid/pl/cdc2022-opioid-rec08-imp07.pl	bf8aa1d9ee75e482289b972a75e80f9d657eb914ea98d9ece59102d9e5356f02	10007
member	data/guidelines/cdc-2022-opioid/pl/cdc2022-opioid-rec08-imp08.pl	bdad5c0804965697e38e57bcdb435cafbf2df03d325e540db9200318c5cde87f	18701
member	data/guidelines/cdc-2022-opioid/pl/cdc2022-opioid-rec08-imp09.pl	424a585700b2c34a22d4abba7e49cd0bbe153895f0a5c4d1bdee335390050696	12520
member	data/guidelines/cdc-2022-opioid/pl/cdc2022-opioid-rec08-imp11.pl	7d1688d5086c88abeffedc44d014c4e6c3c7e4af041096a51bd4dd799fb55dfa	20323
member	data/guidelines/cdc-2022-opioid/pl/cdc2022-opioid-rec08-imp12.pl	d7bd5303b4498188660053c8272433ebed453e90ef9adea32bc5479304aa8ee7	40155
member	data/guidelines/cdc-2022-opioid/pl/cdc2022-opioid-rec08-imp13.pl	039aa24431650d2f6917b0225c780899bf9abfa0af33e338be87cb5f62670dfe	22133
member	data/guidelines/cdc-2022-opioid/pl/cdc2022-opioid-rec08-imp14.pl	cf19bf561db185dc0a25ab41bc5a921fde936d115c5ecfc7160a1e2503d62d4b	29151
member	data/guidelines/cdc-2022-opioid/pl/cdc2022-opioid-rec08-imp15.pl	e8f747065b537ef7f126340e6e38749eb55047b456c5eaae4ef3d06ccb7e5285	14714
member	data/guidelines/cdc-2022-opioid/pl/cdc2022-opioid-rec08-imp16.pl	48b3329af12506e6540f291dcea869f8434ce699d86b80ca1fb48e419f7eebca	10638
member	data/guidelines/cdc-2022-opioid/pl/cdc2022-opioid-rec08-imp17.pl	259ea832d31e84166f9ce3fdb37bd4fe48ab08d492d3be9ccc1942d082ee37aa	10863
member	data/guidelines/cdc-2022-opioid/pl/cdc2022-opioid-rec08-imp18.pl	2bd18c3a6580afafd7a4532cc9ec69dbd271a0bc78588528f01930e531b24a5f	39981
member	data/guidelines/cdc-2022-opioid/pl/cdc2022-opioid-rec08-imp19.pl	83586f952d013e2504304a3e88dd01f5b20b02a52df99bc6ac2357c13b49c618	11179
member	data/guidelines/cdc-2022-opioid/pl/cdc2022-opioid-rec08-imp20.pl	92841c473a006f9c3e2bb7bc9d4b31693e93076b161e215cfde894321540599b	25406
member	data/guidelines/cdc-2022-opioid/pl/cdc2022-opioid-rec08-imp21.pl	cba8f4e9d27228bcc13d06dcbe5fe4ec7cb3c143d9200acb0efc6d0f665b9612	33868
member	data/guidelines/cdc-2022-opioid/pl/cdc2022-opioid-rec08.pl	36f74c3aac1f80f25dd5c737a230f9a6914a3feff2f3678fcd61b922a114a26e	17452
member	data/guidelines/cdc-2022-opioid/pl/cdc2022-opioid-rec09-imp01.pl	8be48418d6a54c08d7a2368bd7dea92970663478a86793f16241b7dbb43b0028	16092
member	data/guidelines/cdc-2022-opioid/pl/cdc2022-opioid-rec09-imp02.pl	d2f386cd930a3a669f8be391eeffe283aff5359a6a03bb941b0bd238d2764353	34224
member	data/guidelines/cdc-2022-opioid/pl/cdc2022-opioid-rec09-imp03.pl	e2a37bcff184974138d1fae89eefb69aa130a658ad34a430521bcb53738b82af	17023
member	data/guidelines/cdc-2022-opioid/pl/cdc2022-opioid-rec09-imp04.pl	9b830c2705d2f5a380df06ed6218ddb65533950ab7b2e67b1e9e58dd61e1f61a	9571
member	data/guidelines/cdc-2022-opioid/pl/cdc2022-opioid-rec09-imp05.pl	bee53cb33ae6a6090e311e2d3a764e6b0f14f25f25bf5d223fd8ba6cf31148c9	23473
member	data/guidelines/cdc-2022-opioid/pl/cdc2022-opioid-rec09-imp06.pl	c553c727ae1610df457deaadf1c26ea31fa0b74481482660b2425f0103620e49	30523
member	data/guidelines/cdc-2022-opioid/pl/cdc2022-opioid-rec09-imp07.pl	15d763eaf0c3015bc19d5b92a8d9c8cf36ac7b6705817b74f2270cd3915d6518	7159
member	data/guidelines/cdc-2022-opioid/pl/cdc2022-opioid-rec09-imp08.pl	6f0dc406d942ee884012574b6cfd0a9a5e5a22abbbeeb0784aaece68f1e4beff	6269
member	data/guidelines/cdc-2022-opioid/pl/cdc2022-opioid-rec09-imp10.pl	6cd6bf6bb2a1fc219db555f1ec0188e9ddd08f9687e030d765d5b58b0032f4c0	9675
member	data/guidelines/cdc-2022-opioid/pl/cdc2022-opioid-rec09-imp12.pl	bf3c2d9b297ff1e1a83edfa2e5ae9b19fa997a230b2e384edce7757a312938b3	33087
member	data/guidelines/cdc-2022-opioid/pl/cdc2022-opioid-rec09-imp13.pl	232f17de3e8df10051a5aa3fd864b4ddc1f4ff4e88c8bbc828976b122ced5541	13281
member	data/guidelines/cdc-2022-opioid/pl/cdc2022-opioid-rec09-imp14.pl	0f9fb559559cac81fb9d0c13b725cfcbb7e30ed6cb808dff6c0f749bea02255e	21664
member	data/guidelines/cdc-2022-opioid/pl/cdc2022-opioid-rec09-imp15.pl	dc725304f0efb7670a1d98f2ea00b8270f518ec64d3fd64eabea22c04edf95ba	12478
member	data/guidelines/cdc-2022-opioid/pl/cdc2022-opioid-rec09-imp16.pl	c57d7256e9d2c8e45db9323a1f70e6883b0c6c8e4a7cfdf68bd3162a92e42739	7677
member	data/guidelines/cdc-2022-opioid/pl/cdc2022-opioid-rec09-imp17.pl	4a9ab2d5fbf7eb28516043513b2314f359e95477ea0bdda393e54034456d80c6	14525
member	data/guidelines/cdc-2022-opioid/pl/cdc2022-opioid-rec09-imp18.pl	79101409d7b0b92afe4689ddc9da2f50424ada9f35bf1ad676fe257e807ba3ac	7189
member	data/guidelines/cdc-2022-opioid/pl/cdc2022-opioid-rec09-imp19.pl	ddc763060bbe73592066780b348f770362494144448f6379e9a09aaefd22790f	12984
member	data/guidelines/cdc-2022-opioid/pl/cdc2022-opioid-rec09-imp20.pl	a8c27d556f2f04202f92b8ffd0f42893687aeaec9c601b006c2635b566ce3164	9335
member	data/guidelines/cdc-2022-opioid/pl/cdc2022-opioid-rec09-imp21.pl	1b119b01c3f7bc23a595bee4fdab3b67b7481c4c03e9a0d15cbeb7806aeee765	13511
member	data/guidelines/cdc-2022-opioid/pl/cdc2022-opioid-rec09-imp22.pl	e64ad9dfbc4a31acc70aeaee23d347fe492d71c13205832c1396e415b78faa90	15472
member	data/guidelines/cdc-2022-opioid/pl/cdc2022-opioid-rec09.pl	40dff57e88e310b6ff3ef344926df6d6a2d07757cc05493146a92a1d9c26fe69	27398
member	data/guidelines/cdc-2022-opioid/pl/cdc2022-opioid-rec10-imp01.pl	41c8f984a2575b98857c22683c2323b525e288677429ce58a0616eb08e4f05c3	14159
member	data/guidelines/cdc-2022-opioid/pl/cdc2022-opioid-rec10-imp02.pl	4876d885408bf1e288acc82821a5b3664da7dc082ae2a1044e11bc5532cbdba4	5529
member	data/guidelines/cdc-2022-opioid/pl/cdc2022-opioid-rec10-imp03.pl	9d048fd68881000011ded7ab527ac17f2a026af3c2c34d03abef75b34ecaf036	27350
member	data/guidelines/cdc-2022-opioid/pl/cdc2022-opioid-rec10-imp04.pl	fd426208c5282301732d3f4ee1f0db290c75df673c4ff8d0a7b0fe62e31dd602	14465
member	data/guidelines/cdc-2022-opioid/pl/cdc2022-opioid-rec10-imp05.pl	db1136400e53da51a49b1e26c15926db569841756f80e7609627d568da75c636	9433
member	data/guidelines/cdc-2022-opioid/pl/cdc2022-opioid-rec10-imp06.pl	80f7a3f8a0181e9f6cd38b34774c107504abc9a7aa237489e754c18d76e2d039	6519
member	data/guidelines/cdc-2022-opioid/pl/cdc2022-opioid-rec10-imp07.pl	56ac51995b77d7592c56bf89845f6e9ce77c387fc9c1479d049ada1e4154cae6	16536
member	data/guidelines/cdc-2022-opioid/pl/cdc2022-opioid-rec10-imp08.pl	2e301e0a9ca3a8ea9d4f72bb5ed895715b0eb23c1c29dc8d002e892ffda6bc09	7619
member	data/guidelines/cdc-2022-opioid/pl/cdc2022-opioid-rec10-imp09.pl	bb766c92844b98e5f3fe04a9abe5d65e7a9ab34b904f368105ccef31f9258750	10998
member	data/guidelines/cdc-2022-opioid/pl/cdc2022-opioid-rec10-imp10.pl	9d8013ced8d497045bd5de9120390a1845e239bfe8cd8937d4f2dac4a17146dc	32753
member	data/guidelines/cdc-2022-opioid/pl/cdc2022-opioid-rec10-imp11.pl	a9d6a357dbd9f9155e48afda110a413cf206bd9da4596a979aaf581f165ade46	8952
member	data/guidelines/cdc-2022-opioid/pl/cdc2022-opioid-rec10-imp12.pl	ae7fa852c7dc6153d5f6d2972196240ec9555540873fdf0c0ac8dc738454c36d	6585
member	data/guidelines/cdc-2022-opioid/pl/cdc2022-opioid-rec10-imp13.pl	112819af94ef0e1a601e97855553294645278f1045bc7cfe952e3884d3390b92	8219
member	data/guidelines/cdc-2022-opioid/pl/cdc2022-opioid-rec10-imp14.pl	57f9ff35a4adce9eed6f8a2cfd80f1571c705c0870efc76ef42a80d09d7e18cd	34379
member	data/guidelines/cdc-2022-opioid/pl/cdc2022-opioid-rec10.pl	cc48ea4b67ce0c85fd333453e9b7b441d085d49da106009d984dd24e3ef07a41	20086
member	data/guidelines/cdc-2022-opioid/pl/cdc2022-opioid-rec11-imp01.pl	6ad05af5c242fa982c7f34d0b976368892e401338d9ef5f5b21865b4ba662030	14210
member	data/guidelines/cdc-2022-opioid/pl/cdc2022-opioid-rec11-imp03.pl	7633b724369ee4b69424df5ddedd456f80ee0d70d214e720b01ceced2164bd6c	21888
member	data/guidelines/cdc-2022-opioid/pl/cdc2022-opioid-rec11-imp04.pl	107342d0b5c10aa491cebcd192add3a3e3bf29700d398731d823365418f23c9f	10079
member	data/guidelines/cdc-2022-opioid/pl/cdc2022-opioid-rec11-imp05.pl	d98f32acf305db59e92549174da9175fa87c9bac2fefd5e3020651874279f0e1	20074
member	data/guidelines/cdc-2022-opioid/pl/cdc2022-opioid-rec11-imp06.pl	e62fd95816ace1e3c64dd582c15aeefbdb3a6255198d30feeea9c64853fbf363	4382
member	data/guidelines/cdc-2022-opioid/pl/cdc2022-opioid-rec11-imp07.pl	9fa6a30b10698c18e00f1faf23285c8101f789c9e8f69d5ad9774575f2947693	3181
member	data/guidelines/cdc-2022-opioid/pl/cdc2022-opioid-rec11-imp08.pl	06f17cba16eb8d5d0153f5d32a5bc6c3b18f534bb079b92e5837863c25212592	24715
member	data/guidelines/cdc-2022-opioid/pl/cdc2022-opioid-rec11.pl	4af9cdb28b98e609f1e670c5f1c3e7d92a05de0cff0906561a36a2925405c2df	12102
member	data/guidelines/cdc-2022-opioid/pl/cdc2022-opioid-rec12-imp01.pl	c45c6cb6bec4b71723a6886ebb696b66fac914a9ba2ad2e8da8c2f92b59d5af0	11803
member	data/guidelines/cdc-2022-opioid/pl/cdc2022-opioid-rec12-imp02.pl	afb1985df6eb666d732388e49d9c8dad46051c7be7a3c1b4daa14cf39bd0d274	4035
member	data/guidelines/cdc-2022-opioid/pl/cdc2022-opioid-rec12-imp04.pl	96c7ff55f0dceffba20eaebc690560418cbebd73be73b3b5e7fe6b8577b19e2e	10934
member	data/guidelines/cdc-2022-opioid/pl/cdc2022-opioid-rec12-imp05.pl	f6403b75b3606aac35f84be5f1f3c50748fe2082087a5686a34d11983a70cb00	13446
member	data/guidelines/cdc-2022-opioid/pl/cdc2022-opioid-rec12-imp07.pl	647bad13402cd06a6b7b7b6fd8ba397fedfb936948f3bd3960914855a033263e	35906
member	data/guidelines/cdc-2022-opioid/pl/cdc2022-opioid-rec12-imp08.pl	c91e7c68f991b417bc2e93c37b6c8b61e5eaf7e8353a7463c1d883dbdd07c1ed	11574
member	data/guidelines/cdc-2022-opioid/pl/cdc2022-opioid-rec12-imp09.pl	13d032a792be476cd3ae043729b7b41442693c5dd43adc973ed4faef38d29cc6	21119
member	data/guidelines/cdc-2022-opioid/pl/cdc2022-opioid-rec12.pl	daed49e06c40d22195b8ead0dfaefd2f6d6b6f6057971d1bdb912c4f34db2481	14163
member	data/guidelines/cdc-2022-opioid/pl/cdc2022-opioid-s10-04.pl	3fccaa9f52ace01a54feba3d01880c99a30cd0550dc489080ce53d111ddc1f54	3150
member	data/guidelines/cdc-2022-opioid/pl/cdc2022-opioid-s11-01.pl	a5f49ea82dbaaf03b1876792601bfdeebbe76c214cbd9839a30e3a8b32c947cf	5952
member	data/guidelines/cdc-2022-opioid/pl/cdc2022-opioid-s12-01.pl	43f820b642f4287391a1cd7abeca5f2effeaeac9f15a51ce4edf3c3a1024eafe	5497
member	data/guidelines/cdc-2022-opioid/pl/cdc2022-opioid-s12-02.pl	4b380ea62054b00d70912850037889a8cacb183fe89b07e53872865c4ba012f4	6301
member	data/guidelines/cdc-2022-opioid/pl/cdc2022-opioid-s12-03.pl	8a348a32b3703376c9580e86e7d24ba4d0cfa554433adefbc9b2d1e2746e2bc5	14407
member	data/guidelines/cdc-2022-opioid/pl/cdc2022-opioid-s18-01.pl	a9c8c7832d3b0dcc23186589b2ef3b23cae538205359a0821dc0e5dfafd0ca2d	7991
member	data/guidelines/cdc-2022-opioid/pl/cdc2022-opioid-s18-03.pl	4faf094abb6dd9f4ad653b78fafca195cec300b9ab068905ff294d39df33b35f	14061
member	data/guidelines/cdc-2022-opioid/pl/cdc2022-opioid-s18-06.pl	742ed553d9c5dea89b536308367b4be1744e0d3f41a94717d496478b7dde3371	16232
member	data/guidelines/cdc-2022-opioid/pl/cdc2022-opioid-s18-07.pl	20879f79729dcbeba90d5977dc3f89be55ba9c27a999330f2b0928e2a69d3487	6614
member	data/guidelines/cdc-2022-opioid/pl/cdc2022-opioid-s19-07.pl	bfad59b443137c8c1ed38ae8fb8d5dd6dc0d2cfe8adc40ffda0a8297fd96e511	27296
member	data/guidelines/cdc-2022-opioid/pl/cdc2022-opioid-s19-08.pl	01ca451c79e5da5c4e8a9a6dd8a7c3d79bfe14a27505476aedffcda7c28bc1b2	4238
member	data/guidelines/cdc-2022-opioid/pl/cdc2022-opioid-s20-04.pl	61a4b263089572178774f19585c8c0988300426979750205a2a5b30dba451220	5429
member	data/guidelines/cdc-2022-opioid/pl/cdc2022-opioid-s20-12.pl	6683745714ef2fb43ed2abeeebb9d2eb2fc0330fd8dae6824ec10835910a8867	6770
member	data/guidelines/cdc-2022-opioid/pl/cdc2022-opioid-s21-02.pl	5767b0749d8acead02bda5b77bf4944a02392b58ccb441accda4151f5c1ef2df	35286
member	data/guidelines/cdc-2022-opioid/pl/cdc2022-opioid-s21-03.pl	e403b42ad04844bcc3f1f0432f99f517cd9fdd9a31c08dd6f1380490a6016fa8	45007
member	data/guidelines/cdc-2022-opioid/pl/cdc2022-opioid-s21-05.pl	523036b42c7fa9936dff038e8eb967ad73cf2cade26c9d21d6740053c3881cde	6881
member	data/guidelines/cdc-2022-opioid/pl/cdc2022-opioid-s22-04.pl	b99b460103e8f88d6838e1db37f9b240c537bc5ccf87702212169f58cc73ac61	12756
member	data/guidelines/cdc-2022-opioid/pl/cdc2022-opioid-s22-07.pl	0ad6fa16f0a2edaafbc86a4e6979ff8f2873ccdd2e53d2f46bd9e1e8db2adecf	17160
member	data/guidelines/cdc-2022-opioid/pl/cdc2022-opioid-s22-08.pl	2234bee67971d7d6d83c2d5c0d548f3a01d6190ee870b5503edca83d17dc61ef	11579
member	data/guidelines/cdc-2022-opioid/pl/cdc2022-opioid-s22-11.pl	368b9acfbdc6c36133d1ca32b17cf3f77bb515cbef914b63097817979f432644	6647
member	data/guidelines/cdc-2022-opioid/pl/cdc2022-opioid-s22-13.pl	0d220e796020c4c4b10c53a4fa07b671bfe152d48c472f6c0b3d281e469a9205	12679
member	data/guidelines/cdc-2022-opioid/pl/cdc2022-opioid-s23-01.pl	7f840d039694af7241482cf05cd91e303950c493de2f3bb61f04de69ce0dfc23	4726
member	data/guidelines/cdc-2022-opioid/pl/cdc2022-opioid-s23-02.pl	f7bff90ed8914dd0348df395bb3ddb214488c3ed1ce50bb791e40ddff0f037ef	11080
member	data/guidelines/cdc-2022-opioid/pl/cdc2022-opioid-s23-03.pl	159835a51406257be4621a2a685c51401287b2946e302a787f3f2044b66e2954	22483
member	data/guidelines/cdc-2022-opioid/pl/cdc2022-opioid-s23-04.pl	7a93d9300f59c4744d59fb30aaddd4d0e225f57f11c66d6c7b6bc0b27d3235d5	18060
member	data/guidelines/cdc-2022-opioid/pl/cdc2022-opioid-s23-05.pl	70a59fbdac38203124304fd35cf63bf667fb7490f72dc1d27a6025b6b121a424	6390
member	data/guidelines/cdc-2022-opioid/pl/cdc2022-opioid-s23-06.pl	4ef177f7b84255f9cbaf8e7d42a41730fd7eafdbebcdbed30e157dec3e6a049a	4691
member	data/guidelines/cdc-2022-opioid/pl/cdc2022-opioid-s23-08.pl	6285f75b0c0f27ee80f8bf27fe5a828c3e1cdf988dc5eea6f43daecda9ad581d	5691
member	data/guidelines/cdc-2022-opioid/pl/cdc2022-opioid-s23-09.pl	aac281a45afc6e68ada4ee499460988a58857b92abd1807c80a2ac9e4e901661	4804
member	data/guidelines/cdc-2022-opioid/pl/cdc2022-opioid-s23-10.pl	f119b0641ca8f57563c3ce0e629518c7c49affacc53c4876a154a7a9f671d9ce	8816
member	data/guidelines/cdc-2022-opioid/pl/cdc2022-opioid-s23-11.pl	374cf8673ff4e1142c50ca363bc0febd648353e27de4a047bbe2842fbbaa6444	3972
member	data/guidelines/cdc-2022-opioid/pl/cdc2022-opioid-s23-12.pl	d192b2209da4b4e49f5ddc15b9599d8615db5027a685cc875e0161237badc96f	11119
member	data/guidelines/cdc-2022-opioid/pl/cdc2022-opioid-s23-13.pl	1d9591a3cf5556a55ce7a15492758e28ca0c50e939e1b2e64e2b2c39b78d8fbf	13577
member	data/guidelines/cdc-2022-opioid/pl/cdc2022-opioid-s23-14.pl	956fd8037fa016e1567c3bcb401192ab55e2d260f6a412ee03083ba6b7aa1d47	8837
member	data/guidelines/cdc-2022-opioid/pl/cdc2022-opioid-s23-15.pl	e0881e6dd8449fe02a9a9f582d430df9d9ff4f1265b1264f9fd3977a87147dd7	8678
member	data/guidelines/cdc-2022-opioid/pl/cdc2022-opioid-s23-16.pl	645b8c464e538aade8a7b56110874d379a39b7276b1163de7ebf4ff2c9aa4139	8692
member	data/guidelines/cdc-2022-opioid/pl/cdc2022-opioid-s25-04.pl	47d546b4d177afe655832a63666f808735e5d12f406acf382f34086e74c72d8d	14392
member	data/guidelines/cdc-2022-opioid/pl/cdc2022-opioid-s25-05.pl	7ae17823c81c5411b2d07142b7bd578fd9e639f24d58174765475f37cd6ff4a9	11591
member	data/guidelines/cdc-2022-opioid/pl/cdc2022-opioid-s25-08.pl	461adea058917175ed85750ad6564dd06b407249675417cb0671f82d36226417	11406
member	data/guidelines/cdc-2022-opioid/pl/cdc2022-opioid-s25-09.pl	80f6f862770e1eca0db9142982b353bffdfa393421b71070df22edf38228b744	6365
member	data/guidelines/cdc-2022-opioid/pl/cdc2022-opioid-s26-01.pl	33b9e7a94af31577877352f9010b739612bdda0e06a9f2c684956cd9a3ca022d	10897
member	data/guidelines/cdc-2022-opioid/pl/cdc2022-opioid-s26-07.pl	cb69696a51dd0ed73258166c527f27b0b53e4dd22068657d5a099f065c7eafad	11548
member	data/guidelines/cdc-2022-opioid/pl/cdc2022-opioid-s26-08.pl	e484178442484c18998ff233b69b5a0b2c6aa89ef43de72030d84b2d1f683ec9	7485
member	data/guidelines/cdc-2022-opioid/pl/cdc2022-opioid-s26-09.pl	8821b7f4b114ef0529c90c1b0c51f163b3bfc6d0ad3844f3e9a41797cea71938	18575
member	data/guidelines/cdc-2022-opioid/pl/cdc2022-opioid-s27-05.pl	28498848d82b5ace30241d094678abf504585c5a8459b7fc7e6dd6d8a137a2f0	24677
member	data/guidelines/cdc-2022-opioid/pl/cdc2022-opioid-s27-09.pl	23fd6713debec7a88de834e786692008a8dc2d74584fe6f69092812fe2ded75f	8556
member	data/guidelines/cdc-2022-opioid/pl/cdc2022-opioid-s28-10.pl	cb215ee2145c99ddc2b2d783beaac6107c4b558709b29144d294173d7d4c8100	15685
member	data/guidelines/cdc-2022-opioid/pl/cdc2022-opioid-s28-11.pl	5853c8cc6f0538d28f931bf18fc72090a670a2d96512b8d04ec130d0592b936c	8699
member	data/guidelines/cdc-2022-opioid/pl/cdc2022-opioid-s28-13.pl	214f7acf27e136124be4afb27109318fb71f7c7e744b5b586e7a2b4b288b4e3d	15146
member	data/guidelines/cdc-2022-opioid/pl/cdc2022-opioid-s29-02.pl	0a170fad33f0bfc4f6ad95397a272131ff37df64a9a4c94e63005934597456d9	12319
member	data/guidelines/cdc-2022-opioid/pl/cdc2022-opioid-s29-03.pl	9891300d5eb8f3dcac2ee5c6af5a8b78ac0fb1bcbbc701d9e11dbed3a67ad407	11070
member	data/guidelines/cdc-2022-opioid/pl/cdc2022-opioid-s29-04.pl	7b7434444f6e2aa6adb86da4935e107564da31c8d13be37970bf6d8c3ace6ae9	6347
member	data/guidelines/cdc-2022-opioid/pl/cdc2022-opioid-s29-17.pl	3f90351bf46a73142d9ffc31ff84876eedab7cd1e7e945e1c44c38fdf9d6b7e9	39447
member	data/guidelines/cdc-2022-opioid/pl/cdc2022-opioid-s29-19.pl	ffb39690aff6ffaa91da1cf04b5b4650119b75e85cb72a17a3f188a023f3a97d	7957
member	data/guidelines/cdc-2022-opioid/pl/cdc2022-opioid-s29-20.pl	344603fb9f9d463f426e0c217ec1bf6c91805e53124c48a2c89ce381cc159187	8623
member	data/guidelines/cdc-2022-opioid/pl/cdc2022-opioid-s3-01.pl	8b32f298d703655129acb085787049cce3231147c6fec3990bcae8aac32ded37	7359
member	data/guidelines/cdc-2022-opioid/pl/cdc2022-opioid-s3-02.pl	89687a7cdbe88e41627c1e9b7e2ca63d1407c276dbf5d223eb4f12f44a518eab	3091
member	data/guidelines/cdc-2022-opioid/pl/cdc2022-opioid-s3-03.pl	af882742177f2aa0e1819fc03b0ad22043a7da408362334c3cd83fb411e446ca	7786
member	data/guidelines/cdc-2022-opioid/pl/cdc2022-opioid-s30-02.pl	0b33c741dcfd30301c661f29e02c36ede66d67c57173065eb2d5411ddfe501ff	7283
member	data/guidelines/cdc-2022-opioid/pl/cdc2022-opioid-s30-03.pl	d91b5f88ef955fa0b0fbb9a500f6ff664a1204b882cf715e7211517731c58f29	4052
member	data/guidelines/cdc-2022-opioid/pl/cdc2022-opioid-s30-05.pl	3e2ec7643b3e33ee52d15c298e8a36a5af61286e6bd00fc6c2fca72a124a8214	8406
member	data/guidelines/cdc-2022-opioid/pl/cdc2022-opioid-s30-06.pl	5f640941827fd83874bdd62c0b55d03b81f61bfb860b5c6398128d3958487df4	15034
member	data/guidelines/cdc-2022-opioid/pl/cdc2022-opioid-s30-07.pl	32ec65f93460234251a6dafac43ab7232d54d9d99d064cd11e096fae736b7ce7	3992
member	data/guidelines/cdc-2022-opioid/pl/cdc2022-opioid-s30-08.pl	16db12f278027faf4f7e233beda74570a6fc5f39304c35853697c06d817b9812	6357
member	data/guidelines/cdc-2022-opioid/pl/cdc2022-opioid-s32-02.pl	f1e08ff0a202a12e06945d8da01d13f175c580daddd78c676aa4842ae7a5b354	8775
member	data/guidelines/cdc-2022-opioid/pl/cdc2022-opioid-s32-03.pl	b564688a931ae2b89774e745f55389d7fd36c0c1edfe30ec67dc7d88419b76f9	5867
member	data/guidelines/cdc-2022-opioid/pl/cdc2022-opioid-s33-01.pl	4108a29bdccbecf0ee493d7db4d3341d280c0d759ad96b1c57495f1dd722b0a4	4753
member	data/guidelines/cdc-2022-opioid/pl/cdc2022-opioid-s33-03.pl	acec8bd9e0ac01cad12d6d13182210b4dab1a823b53a0f2ad5d6361d561a39eb	6561
member	data/guidelines/cdc-2022-opioid/pl/cdc2022-opioid-s33-04.pl	4b2f974faab45b05b77e758c5836520663232ad82b1f007fe2b48e8a2aaa0e48	3930
member	data/guidelines/cdc-2022-opioid/pl/cdc2022-opioid-s33-05.pl	d9171b0bc008c53db89f99adf65366a2f847a9cde4d5630667009b7e474e0c88	8792
member	data/guidelines/cdc-2022-opioid/pl/cdc2022-opioid-s33-06.pl	2cd53046105cba8c32718b26f3b6a08ed3211dcb0bea56500fd9dacfb153384a	4183
member	data/guidelines/cdc-2022-opioid/pl/cdc2022-opioid-s34-04.pl	6029277a1d6da271b5ad3afff11f11e5adcb4ca90f1a416aab0f6d40c349cd47	13152
member	data/guidelines/cdc-2022-opioid/pl/cdc2022-opioid-s34-05.pl	7aa29dbd2edd70ac7a0b226d874907e953fd5906fa0b46feb3d58a88a9fe3922	9656
member	data/guidelines/cdc-2022-opioid/pl/cdc2022-opioid-s34-07.pl	a0cf1b3cd0aa1bcdb07cba62c69dc7df601f0de720fbc235e676dbdd491bfa99	6853
member	data/guidelines/cdc-2022-opioid/pl/cdc2022-opioid-s34-10.pl	8c2bfa0134646d397d0bc79ae36dba497582cc4940ae9080ea7cc694960fd21f	30261
member	data/guidelines/cdc-2022-opioid/pl/cdc2022-opioid-s34-14.pl	e7605b78eb6536f2ac4d516393a3076e157551f5c6a93b1af0da7a3fea976b84	4618
member	data/guidelines/cdc-2022-opioid/pl/cdc2022-opioid-s37-10.pl	a5c30ec0ca1dd336b7f182c77787e69a7ba268ea273d9a9105f78a5b42902fea	5598
member	data/guidelines/cdc-2022-opioid/pl/cdc2022-opioid-s37-11.pl	79c63f7e6b3f229581f275dca2bd9d142568ad374a04b9de407216d8710b53ca	6377
member	data/guidelines/cdc-2022-opioid/pl/cdc2022-opioid-s37-12.pl	4bef81a7781bbce21208e42007d89b4e8d9596a7878095ffd393b910471879c7	3097
member	data/guidelines/cdc-2022-opioid/pl/cdc2022-opioid-s37-13.pl	4757aed0c24e52d16083a3466575a62d816a4d2f964eb3035c2199fbe6f7a713	4281
member	data/guidelines/cdc-2022-opioid/pl/cdc2022-opioid-s37-15.pl	b796f911c6ee6db9aadd984947aa9abcbc4f1fe05e11af4120be5381f7f4c256	3940
member	data/guidelines/cdc-2022-opioid/pl/cdc2022-opioid-s37-19.pl	a72a20000ded2844e7e9450af3dd3a65c075db46b14bcbef8197d846f6f018a1	9376
member	data/guidelines/cdc-2022-opioid/pl/cdc2022-opioid-s38-02.pl	7dd61a88d9acfdddd74fdaae93a592c7fc41966e879e3f764f7c892b6def0522	11935
member	data/guidelines/cdc-2022-opioid/pl/cdc2022-opioid-s38-03.pl	3caa575386ce39153903e97769dcbdcdd2741243ed1d341adf8509aaea9b8765	15699
member	data/guidelines/cdc-2022-opioid/pl/cdc2022-opioid-s38-04.pl	890394776b40741753a1e750e692be9d28a9914c28fc725f4dcc0ce03dc0145c	6543
member	data/guidelines/cdc-2022-opioid/pl/cdc2022-opioid-s38-05.pl	a316bcffc9502c523f5533312fa9f87cef58c8fa5433360e314dd3cbb9269f1f	3976
member	data/guidelines/cdc-2022-opioid/pl/cdc2022-opioid-s38-08.pl	7416f5ff767e35750ba61f33b46c5a1ce9201ba6828d68ca1a5fae50168b3cc1	8052
member	data/guidelines/cdc-2022-opioid/pl/cdc2022-opioid-s38-11.pl	271041fc52c2a8fdc8d89e166aa3a717eabab7bb1a6545bae38aaf9c51573d31	17157
member	data/guidelines/cdc-2022-opioid/pl/cdc2022-opioid-s38-12.pl	79bc460b64018dd22c6a1399a2135c4a4981fa88c435425db75665ecc4787814	16236
member	data/guidelines/cdc-2022-opioid/pl/cdc2022-opioid-s38-16.pl	5ac04c26bd31b8928195df202f10ee6ed4beb8a2cd9a01e29ba7887ed3ae93dc	7003
member	data/guidelines/cdc-2022-opioid/pl/cdc2022-opioid-s38-17.pl	e596c0b87856bd076261e41891147d210ed47c2f7a236941a54eca66dc77f808	8681
member	data/guidelines/cdc-2022-opioid/pl/cdc2022-opioid-s39-01.pl	be1ac4e07fde21bba5ceee67997704a7f2da25b4fa9a9b23862e95534311847c	18353
member	data/guidelines/cdc-2022-opioid/pl/cdc2022-opioid-s39-07.pl	c399c14171770962be9a31faf906c3c1d2357c70a2dab1474a043ad3f94ac456	5545
member	data/guidelines/cdc-2022-opioid/pl/cdc2022-opioid-s39-09.pl	62d49660fc20fdde7953e8eaa40be37159452f12f408db53ec977ef4e2ae37ae	3372
member	data/guidelines/cdc-2022-opioid/pl/cdc2022-opioid-s39-10.pl	62c80b6e8b955e8f551d63c60a36e77c492132ccf2b52c514ddd8bf21912fc07	9415
member	data/guidelines/cdc-2022-opioid/pl/cdc2022-opioid-s39-12.pl	0c81ac05f2f17d04be2ff9715272bb12abb472e1d4929b751d567936c32bd47a	13756
member	data/guidelines/cdc-2022-opioid/pl/cdc2022-opioid-s39-16.pl	a3b4347415147f3358030f53ff12af35ce7a566b264792efada087465a6fa662	5101
member	data/guidelines/cdc-2022-opioid/pl/cdc2022-opioid-s40-01.pl	aa29528499817faf24d94ed784419f4ce89a7eefa5d27b69e49d161dc8126630	102475
member	data/guidelines/cdc-2022-opioid/pl/cdc2022-opioid-s42-15.pl	d71bc14e0b6df3de5b30f4d4416c4f563db7accadb37afc65835a0163181df2d	24338
member	data/guidelines/cdc-2022-opioid/pl/cdc2022-opioid-s42-16.pl	367fb2c14b46450b8bc7b5686642adcfb0286761d1e4442636363ffdf141a6e5	23752
member	data/guidelines/cdc-2022-opioid/pl/cdc2022-opioid-s44-04.pl	70b0e24ddf334235830cfe4c661b36a5254e73c51c82db5fc9ef56447da078c1	54374
member	data/guidelines/cdc-2022-opioid/pl/cdc2022-opioid-s44-17.pl	bc6c887138d8af23078dd60fb3e13e66e2235680b239c2448aba749f540e3591	21274
member	data/guidelines/cdc-2022-opioid/pl/cdc2022-opioid-s44-18.pl	48e4fed446f36ef9ca4bb1413a375625a24c3527d9431bbb4406be279fe91951	13326
member	data/guidelines/cdc-2022-opioid/pl/cdc2022-opioid-s45-01.pl	a1eb00fff6cb883e74027224659422b3391bb1738dcc73f5de2f59cd48b08a7c	6225
member	data/guidelines/cdc-2022-opioid/pl/cdc2022-opioid-s45-02.pl	63283f680f1caf7060728e5e43ced5e9dcbc8ee352c31c36577dc87f5fb70ac9	22604
member	data/guidelines/cdc-2022-opioid/pl/cdc2022-opioid-s46-11.pl	a319d19eba84c42390c371a5a6e58ea960565c7599a86a72aa6d0e79cf7ded0e	11805
member	data/guidelines/cdc-2022-opioid/pl/cdc2022-opioid-s46-16.pl	4a0525c70ce227d24b1b69c6e710e4a662ca20f866c6fbb56ada83301371fc6f	12482
member	data/guidelines/cdc-2022-opioid/pl/cdc2022-opioid-s47-01.pl	dc7d5ec1d5d700b3bc848a66e6683661bccbae69abd52de93895409526eaeea5	21137
member	data/guidelines/cdc-2022-opioid/pl/cdc2022-opioid-s47-05.pl	5f90156932a10bf8254af73acfaf3d216b1116bf328915500aa8ffe5f4ab1466	18055
member	data/guidelines/cdc-2022-opioid/pl/cdc2022-opioid-s47-06.pl	69dcb423bdb649c58b01edc47eda23a2a061140972dbd6a4d53b9e4d9ebf619a	12060
member	data/guidelines/cdc-2022-opioid/pl/cdc2022-opioid-s47-07.pl	ab0581eb2775eda82ab090431b7b0f40b281dddb25e8cc79180b58e4b693fdb5	11018
member	data/guidelines/cdc-2022-opioid/pl/cdc2022-opioid-s47-08.pl	c7160fe65e19e1a2793cc1a97faf3e97513bceeee3284c6dbbe5afa46712391c	17111
member	data/guidelines/cdc-2022-opioid/pl/cdc2022-opioid-s47-09.pl	4d9d2b1a179a11abadfd283310f0f3263a2f24eb7375c59e5ad56e410eedbbee	7144
member	data/guidelines/cdc-2022-opioid/pl/cdc2022-opioid-s47-16.pl	6434de8428e5b9e9471f004b984a5c0181d4541760503a99834041cc6c113d1a	37565
member	data/guidelines/cdc-2022-opioid/pl/cdc2022-opioid-s47-17.pl	11a7583f7858e0be41af0702cd26413f3cc51e8143a1e377e6760f1066855458	25394
member	data/guidelines/cdc-2022-opioid/pl/cdc2022-opioid-s47-18.pl	5491d22dc9aa1310dcd7e06db1c137a93dfe712b2691100f30e7f577e85cdccc	22300
member	data/guidelines/cdc-2022-opioid/pl/cdc2022-opioid-s48-02.pl	df0307646d5afa91f45ab541f5e8ccb76659571f347b89aeee40f2b28ffd06af	12813
member	data/guidelines/cdc-2022-opioid/pl/cdc2022-opioid-s48-04.pl	7edad010efd1f9fa768a40e07184cd7f20167d19abe3a2fdbf1b87dbab7c59cf	12614
member	data/guidelines/cdc-2022-opioid/pl/cdc2022-opioid-s48-06.pl	c57116ac8827a63ecd7161b48133042f834b02979facca16dddb70cd74519010	11822
member	data/guidelines/cdc-2022-opioid/pl/cdc2022-opioid-s48-09.pl	5b7eb5e8641448810ec3da4626edbffbf31ebb050f0d3178daa780437a45627e	17962
member	data/guidelines/cdc-2022-opioid/pl/cdc2022-opioid-s48-10.pl	7e35b93e8ff92c28be455555c646541c3d273fc15399d0253d3cda8afeadee5f	9027
member	data/guidelines/cdc-2022-opioid/pl/cdc2022-opioid-s48-12.pl	6ff68652aa85182808343d39be56e08ea5a3ab1dece63160f6bc70080fb88e07	30097
member	data/guidelines/cdc-2022-opioid/pl/cdc2022-opioid-s49-02.pl	8518716876697ad10ced29c3d286c9168267dd12396ad181f381a819173e97f1	21069
member	data/guidelines/cdc-2022-opioid/pl/cdc2022-opioid-s49-03.pl	5dac1e1c2b51eccc76563c3e5e144bf3ebea6598ddf13bd935facc6c053f15c6	11220
member	data/guidelines/cdc-2022-opioid/pl/cdc2022-opioid-s49-05.pl	087ee11552d571852cdad8176ace956fcd48783ce752dcf718f37d9f359d3e16	3085
member	data/guidelines/cdc-2022-opioid/pl/cdc2022-opioid-s49-10.pl	6628399f2843b500790f744e74e19e33d6078f4d660096c84b4ec27a3655c95b	5420
member	data/guidelines/cdc-2022-opioid/pl/cdc2022-opioid-s49-14.pl	64f8592a8ed15eb79ea63c24eda7154f1e462ecfd3f72603ecc0fc17cabd9439	47010
member	data/guidelines/cdc-2022-opioid/pl/cdc2022-opioid-s51-11.pl	7c4a767d356df04c9087aa758ee4ffd062e55bdd2e04c5f93d5035993ec0f0fb	4941
member	data/guidelines/cdc-2022-opioid/pl/cdc2022-opioid-s54-02.pl	7e1adf0a02cad540785ce70e71da002441f8d4023bbce9fb56607055c49595fd	4247
member	data/guidelines/cdc-2022-opioid/pl/cdc2022-opioid-s54-07.pl	202274d23dd8ad997355ac464886c921b6deaf8a9ce418bea9e7e7584d126536	9490
member	data/guidelines/cdc-2022-opioid/pl/cdc2022-opioid-s54-09.pl	e6e7c1930229d5264f72c01632c80a2605c69e5b6074798127748490a095cd59	11167
member	data/guidelines/cdc-2022-opioid/pl/cdc2022-opioid-s54-15.pl	365fb79409ec8aa4d0266d10a217ab18a832ea8b7ae3780dbee5acfd27db4590	21017
member	data/guidelines/cdc-2022-opioid/pl/cdc2022-opioid-s56-04.pl	396e87d30728d0868f9187b01a9bc2654d3ec4260f6184ffdbae49ccf7d9ed17	25921
member	data/guidelines/cdc-2022-opioid/pl/cdc2022-opioid-s58-10.pl	a3cc2ae775f219b6184f637d7b7baa70235847066e56b0b603d439b21c5244f7	8051
member	data/guidelines/cdc-2022-opioid/pl/cdc2022-opioid-s58-12.pl	3e24e718e27edd1535d46994b555b18104f3f37d84bf117fd949acb5a4f42ed4	22502
member	data/guidelines/cdc-2022-opioid/pl/cdc2022-opioid-s58-13.pl	f3d4160c6180924186e618fbe8a378ddedf7a279223ec54330c07fb998300e62	29279
member	data/guidelines/cdc-2022-opioid/pl/cdc2022-opioid-s59-03.pl	d6debb9bf0dc84bcd4092b300469306c9ed17e6b3104167c079035483b66a319	6093
member	data/guidelines/cdc-2022-opioid/pl/cdc2022-opioid-s59-06.pl	260510896c783bd4277eb76dbd35afa8faf6adbff7534f10c35889b68591bb95	18035
member	data/guidelines/cdc-2022-opioid/pl/cdc2022-opioid-s59-07.pl	ad3d1156dd5e92d8129a3120369e86729801b7e72122ae78351a555a48c01b64	7785
member	data/guidelines/cdc-2022-opioid/pl/cdc2022-opioid-s59-12.pl	b7c81df1958fcfbcaf4478148e4334f578e0a624723e2a274df934f7460877f9	13543
member	data/guidelines/cdc-2022-opioid/pl/cdc2022-opioid-s59-14.pl	e79d0b2bad5596e0991363f3e40bb11b2b1a98d59ac2d79fe17dbd0b61d4a334	10181
member	data/guidelines/cdc-2022-opioid/pl/cdc2022-opioid-s59-15.pl	a83ad2f3d5a8d6cd9ddfc4fcc1160af42d39dc645ca657979d006eaef4cc4553	11239
member	data/guidelines/cdc-2022-opioid/pl/cdc2022-opioid-s6-02.pl	ab61d87dda592af585617139bd6647c3db010b3be61806e98f78ecda6848279d	20716
member	data/guidelines/cdc-2022-opioid/pl/cdc2022-opioid-s60-02.pl	f247208d0e0b06bf6e2581227b19683fc623fbed037c8a4529ccd736c4d529a7	13937
member	data/guidelines/cdc-2022-opioid/pl/cdc2022-opioid-s60-05.pl	a73b9476e8a6336ddffe8f8dd58d5befd316072a613c4c7b402494f582433540	10431
member	data/guidelines/cdc-2022-opioid/pl/cdc2022-opioid-s60-08.pl	1a9592281eca24ac28d644c62c96dbe77d5d4a983171493e036b58c5c61fb6e0	29309
member	data/guidelines/cdc-2022-opioid/pl/cdc2022-opioid-s60-09.pl	312f04a876271a96b43ce0c43c7fa40e84ec5bfaaad39a920726edf528bb3305	27272
member	data/guidelines/cdc-2022-opioid/pl/cdc2022-opioid-s60-10.pl	c50aec85be1d92956518f207b1e402dee0774c7c602a704d37ff5a000373d11d	6810
member	data/guidelines/cdc-2022-opioid/pl/cdc2022-opioid-s60-13.pl	f2e3cce74e49fa71ab101aab605adfd2cb6fac2cc2e361b46241fe53a683291a	14906
member	data/guidelines/cdc-2022-opioid/pl/cdc2022-opioid-s60-14.pl	97d91370fa9accd2566665e71db2e928f166ff39fa8d58a55fc1fcb4e2b1c8a2	14157
member	data/guidelines/cdc-2022-opioid/pl/cdc2022-opioid-s60-15.pl	8019b65571734f19f111559d0ca8a790a8acfc0744c378ef4452340384652ca4	7887
member	data/guidelines/cdc-2022-opioid/pl/cdc2022-opioid-s60-16.pl	bc4dab323ce9b6db8699fb8c701aeac7c93d6cc2e37442faa7b295d13ddf5dc6	24331
member	data/guidelines/cdc-2022-opioid/pl/cdc2022-opioid-s60-17.pl	7597e2c2b463728c2db590e955ba03fbe1ef965316c6fcbcd047d1260488381e	7874
member	data/guidelines/cdc-2022-opioid/pl/cdc2022-opioid-s60-18.pl	a18d05bb249fa7aaa1c4151190468ef1f1352987501b372b018f3b3851a99901	17278
member	data/guidelines/cdc-2022-opioid/pl/cdc2022-opioid-s61-03.pl	110bf1774a2c5aa157c26a3f334b6acbb53f6874260136be96cad44157a22d04	38135
member	data/guidelines/cdc-2022-opioid/pl/cdc2022-opioid-s61-07.pl	0b0680b8282bc011bbb9a68a31899242249ac535a048e28ae70067b0c1c27387	6450
member	data/guidelines/cdc-2022-opioid/pl/cdc2022-opioid-s61-09.pl	cb07480f05868809d04ef12e747fe858e45a7f4b95959bbe655fcbd9993c3b71	3101
member	data/guidelines/cdc-2022-opioid/pl/cdc2022-opioid-s62-03.pl	f3747c37cbcd91a0fd98f5a68178e19b6c70c1543482ef3c3bbf01e17eac4cb7	12044
member	data/guidelines/cdc-2022-opioid/pl/cdc2022-opioid-s62-04.pl	d2d064f12afb06f9dd31b055274392f5217cc75604eb0a922bb3db9aeb82b30c	6960
member	data/guidelines/cdc-2022-opioid/pl/cdc2022-opioid-s7-02.pl	6ef9b4c9101cfef1f145a487fd0971632a762d94f38629ed3f08543da01e4b98	7107
member	data/guidelines/cdc-2022-opioid/pl/cdc2022-opioid-s7-03.pl	4e96d9a5ac1a9f70de5412930652520bc196feb2afd6fc8d4301ae0e58ac1fbf	3343
member	data/guidelines/cdc-2022-opioid/pl/cdc2022-opioid-s8-06.pl	18ea1961f9c3c6c58baeba41b30462fe58da1e284ab3d456955e899b131a1cda	31811
member	data/guidelines/cdc-2022-opioid/pl/cdc2022-opioid-s8-09.pl	03c41d559de8fefd3e5727793bc39736c37774030c7bbcfa9952da0b75949a99	20353
member	data/guidelines/cdc-2022-opioid/pl/cdc2022-opioid-s8-10.pl	c0c4930d08be910d5efb4f151966679988e3865286bfcc0a82fda5bb98c69ad7	16074
member	data/guidelines/cdc-2022-opioid/pl/cdc2022-opioid-s8-12.pl	b89f54b19f606830d3b0e653368a9506ce701040be6509ef6f2f3faa4671df9d	11633
member	data/guidelines/cdc-2022-opioid/pl/cdc2022-opioid-s9-01.pl	0d2556eda92b5d24d9d876f1172ba17c384268e9bb93131b8ce795ce04399808	26608
member	data/guidelines/cdc-2022-opioid/pl/cdc2022-opioid-s9-04.pl	bb701da971d3fec62535a315382e8bacffe9a5f35c7fae59a9bd4355fd768583	7620
member	data/guidelines/cdc-2022-opioid/pl/cdc2022-opioid-s9-05.pl	2a7a055e80412e7f21bacc8b33d722306022865764c9f0cf70add74c0ff5347d	29607
member	data/guidelines/cdc-2022-opioid/queries/answers/category-a-recommendations.pl	6e24d787f0f39afba1f8a473c854e1fd86ed8082ee51804b73d6539871c5f143	724
member	data/guidelines/cdc-2022-opioid/queries/answers/dosage-reduction-content.pl	52c40f71d81b69f9589e6cc520cc271ad68f26f5b21767ddee87557119bfdbb3	397
member	data/guidelines/cdc-2022-opioid/queries/answers/evidence-type-1-recommendation.pl	52b911dc966c2ba76e2c12e461a2d7bcbfe6b7bba660cd47d9d20fefe3bebf09	330
member	data/guidelines/cdc-2022-opioid/queries/answers/long-term-therapy-onset.pl	834ef3287e0b441a96bf6094a4fa4ce27250b0f476e23314688085a5c4ac4aec	320
member	data/guidelines/cdc-2022-opioid/queries/answers/recommendation-exists.pl	093e0a1ddfef79a5a6091669e53275cf3ff8cb4b53cc50152bf9065aca17c378	236
member	data/guidelines/cdc-2022-opioid/queries/answers/tablet-use-spacing.pl	9facbf88175bcdb2807102a30180fc6f938a2c3799c522aa506571144b06a79f	312
member	data/guidelines/cdc-2022-opioid/queries/category-a-recommendations.ace	e1a55c47923fd26d266c56eb8b19cefba225d57e9095a2bfaec155bd392ff541	53
member	data/guidelines/cdc-2022-opioid/queries/dosage-reduction-content.ace	a690fc31ba3d8f4a33072957b321d16d1b9b8807dc4b60a5f7433e9a807c3c0e	35
member	data/guidelines/cdc-2022-opioid/queries/evidence-type-1-recommendation.ace	faeb2a82d1512ecc03939e815f8c54338c3b99418cedc28f2fd1d784fd188ce1	59
member	data/guidelines/cdc-2022-opioid/queries/long-term-therapy-onset.ace	2715c71145db59150bf2ca7ce8d4e3064d64d21287fbfbd8f34efb4c95b8e19e	60
member	data/guidelines/cdc-2022-opioid/queries/pl/category-a-recommendations.pl	00a32d04ad3449577f7fa49fd0502bc6598236a9f39d93a216d6ad97dd8f8bb0	852
member	data/guidelines/cdc-2022-opioid/queries/pl/dosage-reduction-content.pl	04c52c69976fd6fcabcbc7be9287000565e34dca82b9c353010297027e557063	699
member	data/guidelines/cdc-2022-opioid/queries/pl/evidence-type-1-recommendation.pl	8d83073b80644c9687ce244f22443af402d2e9bbb4f69c80fcda8163b0372336	871
member	data/guidelines/cdc-2022-opioid/queries/pl/long-term-therapy-onset.pl	d858c4d54cc389a7420349c1ae764aacaff965e3fe77ccdaedb0fe564e337142	908
member	data/guidelines/cdc-2022-opioid/queries/pl/recommendation-exists.pl	916ca0c2e1bf479e079911bb7a18b90ba15588145e46dd92c019e4216392171d	561
member	data/guidelines/cdc-2022-opioid/queries/pl/tablet-use-spacing.pl	7aedbb6f7b30b3f61856abf0b719fc36db8f029a6cfc08c5e6291b18a2a79ad6	961
member	data/guidelines/cdc-2022-opioid/queries/recommendation-exists.ace	bbded3642c874f0bcef1d6cddd8a8fddaf22b31f5ada9a8c9d501ac5b6cb93d3	27
member	data/guidelines/cdc-2022-opioid/queries/tablet-use-spacing.ace	5e8a791eaeb08349c96dda4478f16140dcb705c5bce02197cd40502cc0831c5a	55
member	data/guidelines/cdc-2022-opioid/queries/traces/category-a-recommendations.pl	6bc66b2da8cc908777ce731f6dead980bf10d774ec263e5e014757dfd54cfb69	7114
member	data/guidelines/cdc-2022-opioid/queries/traces/dosage-reduction-content.pl	d92e50a6f6d121edc82605b9cc149b2ef1ceec4534c7dbf94aa31efc01f8f56d	1825
member	data/guidelines/cdc-2022-opioid/queries/traces/evidence-type-1-recommendation.pl	797e48739bd3003bd5d4460931190951761b69d7e780f7b2e30a835929b8c1d8	1310
member	data/guidelines/cdc-2022-opioid/queries/traces/long-term-therapy-onset.pl	c30045b450af513004b9bfced5fb7a9ae46cde8a794bcd4eab16c7d6ca552e58	1742
member	data/guidelines/cdc-2022-opioid/queries/traces/recommendation-exists.pl	fe1c08d1be7ba0be430921330d291aa1e3896d08d0e88de336e62c7eff377014	581
member	data/guidelines/cdc-2022-opioid/queries/traces/tablet-use-spacing.pl	b97b31a350e04717babcb1bb7ccd9c3bc8c8b16e9c6f2b1ff7f9f620ee371639	1868
member	data/guidelines/cdc-2022-opioid/rights.tsv	84848a2832ed0f3bcb7ced3dbbdc3acc9ea1ff78e2cab96d16fea70eb6dd0797	375
member	data/guidelines/cdc-2022-opioid/source/box3-extraction.txt	6776a52087f893b462c1f1092c1ed8799353438809368e0cfd123ca4244d0ac5	6495
member	data/guidelines/cdc-2022-opioid/source/front-matter-extraction.txt	aa3306c0eeb15dac65c55103bfdcbf4d64c46c85b5c82bc1c0dd40867281168b	19009
member	data/guidelines/cdc-2022-opioid/source/rec01-05-body-extraction.txt	31fbc6cce791c4e09ff79e2e3fe4249db0e2635c82e6b5ec6b64e3d57c1dc4ff	94529
member	data/guidelines/cdc-2022-opioid/source/rec06-12-body-extraction.txt	0b6b3f1f2612e3d8ee17f0aa19a244dbeabeae2fee3b7ad7a9b214ab8d4857d6	94958
member	data/guidelines/cdc-2022-opioid/source/rr7103a1-H.pdf	f4e5098d13e9b3dc5cc27bb90137df57d3667350b2add885fd367f279402d18d	1418584
member	data/guidelines/cdc-2022-opioid/temporal.tsv	d7b0d6c9af49f8d4b3dc12370d6b1cc20e923a69a5ce745ee26a1bc0f21effb6	592
label	cdc2022-opioid-rec01	unreviewed
label	cdc2022-opioid-rec01-imp01	unreviewed
label	cdc2022-opioid-rec01-imp02	unreviewed
label	cdc2022-opioid-rec01-imp03	unreviewed
label	cdc2022-opioid-rec01-imp04	unreviewed
label	cdc2022-opioid-rec01-imp05	unreviewed
label	cdc2022-opioid-rec01-imp06	unreviewed
label	cdc2022-opioid-rec02	unreviewed
label	cdc2022-opioid-rec02-imp01	unreviewed
label	cdc2022-opioid-rec02-imp02	unreviewed
label	cdc2022-opioid-rec02-imp03	unreviewed
label	cdc2022-opioid-rec02-imp04	unreviewed
label	cdc2022-opioid-rec02-imp05	unreviewed
label	cdc2022-opioid-rec02-imp06	unreviewed
label	cdc2022-opioid-rec02-imp07	unreviewed
label	cdc2022-opioid-rec02-imp08	unreviewed
label	cdc2022-opioid-rec02-imp09	unreviewed
label	cdc2022-opioid-rec02-imp10	unreviewed
label	cdc2022-opioid-rec02-imp11	unreviewed
label	cdc2022-opioid-rec02-imp13	unreviewed
label	cdc2022-opioid-rec02-imp14	unreviewed
label	cdc2022-opioid-rec02-imp15	unreviewed
label	cdc2022-opioid-rec02-imp16	unreviewed
label	cdc2022-opioid-rec02-imp17	unreviewed
label	cdc2022-opioid-rec02-imp18	unreviewed
label	cdc2022-opioid-rec02-imp19	unreviewed
label	cdc2022-opioid-rec02-imp20	unreviewed
label	cdc2022-opioid-rec02-imp21	unreviewed
label	cdc2022-opioid-rec02-imp22	unreviewed
label	cdc2022-opioid-rec02-imp23	unreviewed
label	cdc2022-opioid-rec02-imp24	unreviewed
label	cdc2022-opioid-rec02-imp25	unreviewed
label	cdc2022-opioid-rec02-imp26	unreviewed
label	cdc2022-opioid-rec03	unreviewed
label	cdc2022-opioid-rec03-imp01	unreviewed
label	cdc2022-opioid-rec03-imp02	unreviewed
label	cdc2022-opioid-rec03-imp04	unreviewed
label	cdc2022-opioid-rec03-imp05	unreviewed
label	cdc2022-opioid-rec03-imp06	unreviewed
label	cdc2022-opioid-rec03-imp07	unreviewed
label	cdc2022-opioid-rec03-imp08	unreviewed
label	cdc2022-opioid-rec04	unreviewed
label	cdc2022-opioid-rec04-imp01	unreviewed
label	cdc2022-opioid-rec04-imp03	unreviewed
label	cdc2022-opioid-rec04-imp05	unreviewed
label	cdc2022-opioid-rec04-imp07	unreviewed
label	cdc2022-opioid-rec04-imp08	unreviewed
label	cdc2022-opioid-rec04-imp09	unreviewed
label	cdc2022-opioid-rec05	unreviewed
label	cdc2022-opioid-rec05-imp04	unreviewed
label	cdc2022-opioid-rec05-imp05	unreviewed
label	cdc2022-opioid-rec05-imp06	unreviewed
label	cdc2022-opioid-rec05-imp07	unreviewed
label	cdc2022-opioid-rec05-imp08	unreviewed
label	cdc2022-opioid-rec05-imp09	unreviewed
label	cdc2022-opioid-rec05-imp10	unreviewed
label	cdc2022-opioid-rec05-imp11	unreviewed
label	cdc2022-opioid-rec05-imp12	unreviewed
label	cdc2022-opioid-rec05-imp13	unreviewed
label	cdc2022-opioid-rec05-imp14	unreviewed
label	cdc2022-opioid-rec05-imp15	unreviewed
label	cdc2022-opioid-rec05-imp16	unreviewed
label	cdc2022-opioid-rec05-imp18	unreviewed
label	cdc2022-opioid-rec05-imp19	unreviewed
label	cdc2022-opioid-rec05-imp20	unreviewed
label	cdc2022-opioid-rec05-imp21	unreviewed
label	cdc2022-opioid-rec05-imp22	unreviewed
label	cdc2022-opioid-rec05-imp23	unreviewed
label	cdc2022-opioid-rec05-imp24	unreviewed
label	cdc2022-opioid-rec05-imp25	unreviewed
label	cdc2022-opioid-rec05-imp26	unreviewed
label	cdc2022-opioid-rec05-imp27	unreviewed
label	cdc2022-opioid-rec06	unreviewed
label	cdc2022-opioid-rec06-imp02	unreviewed
label	cdc2022-opioid-rec06-imp03	unreviewed
label	cdc2022-opioid-rec06-imp04	unreviewed
label	cdc2022-opioid-rec06-imp05	unreviewed
label	cdc2022-opioid-rec06-imp06	unreviewed
label	cdc2022-opioid-rec06-imp07	unreviewed
label	cdc2022-opioid-rec06-imp09	unreviewed
label	cdc2022-opioid-rec06-imp13	unreviewed
label	cdc2022-opioid-rec06-imp14	unreviewed
label	cdc2022-opioid-rec06-imp15	unreviewed
label	cdc2022-opioid-rec07	unreviewed
label	cdc2022-opioid-rec07-imp02	unreviewed
label	cdc2022-opioid-rec07-imp03	unreviewed
label	cdc2022-opioid-rec07-imp04	unreviewed
label	cdc2022-opioid-rec07-imp06	unreviewed
label	cdc2022-opioid-rec07-imp08	unreviewed
label	cdc2022-opioid-rec07-imp09	unreviewed
label	cdc2022-opioid-rec07-imp10	unreviewed
label	cdc2022-opioid-rec07-imp11	unreviewed
label	cdc2022-opioid-rec07-imp12	unreviewed
label	cdc2022-opioid-rec07-imp13	unreviewed
label	cdc2022-opioid-rec07-imp14	unreviewed
label	cdc2022-opioid-rec07-imp15	unreviewed
label	cdc2022-opioid-rec08	unreviewed
label	cdc2022-opioid-rec08-imp01	unreviewed
label	cdc2022-opioid-rec08-imp02	unreviewed
label	cdc2022-opioid-rec08-imp03	unreviewed
label	cdc2022-opioid-rec08-imp04	unreviewed
label	cdc2022-opioid-rec08-imp05	unreviewed
label	cdc2022-opioid-rec08-imp06	unreviewed
label	cdc2022-opioid-rec08-imp07	unreviewed
label	cdc2022-opioid-rec08-imp08	unreviewed
label	cdc2022-opioid-rec08-imp09	unreviewed
label	cdc2022-opioid-rec08-imp11	unreviewed
label	cdc2022-opioid-rec08-imp12	unreviewed
label	cdc2022-opioid-rec08-imp13	unreviewed
label	cdc2022-opioid-rec08-imp14	unreviewed
label	cdc2022-opioid-rec08-imp15	unreviewed
label	cdc2022-opioid-rec08-imp16	unreviewed
label	cdc2022-opioid-rec08-imp17	unreviewed
label	cdc2022-opioid-rec08-imp18	unreviewed
label	cdc2022-opioid-rec08-imp19	unreviewed
label	cdc2022-opioid-rec08-imp20	unreviewed
label	cdc2022-opioid-rec08-imp21	unreviewed
label	cdc2022-opioid-rec09	unreviewed
label	cdc2022-opioid-rec09-imp01	unreviewed
label	cdc2022-opioid-rec09-imp02	unreviewed
label	cdc2022-opioid-rec09-imp03	unreviewed
label	cdc2022-opioid-rec09-imp04	unreviewed
label	cdc2022-opioid-rec09-imp05	unreviewed
label	cdc2022-opioid-rec09-imp06	unreviewed
label	cdc2022-opioid-rec09-imp07	unreviewed
label	cdc2022-opioid-rec09-imp08	unreviewed
label	cdc2022-opioid-rec09-imp10	unreviewed
label	cdc2022-opioid-rec09-imp12	unreviewed
label	cdc2022-opioid-rec09-imp13	unreviewed
label	cdc2022-opioid-rec09-imp14	unreviewed
label	cdc2022-opioid-rec09-imp15	unreviewed
label	cdc2022-opioid-rec09-imp16	unreviewed
label	cdc2022-opioid-rec09-imp17	unreviewed
label	cdc2022-opioid-rec09-imp18	unreviewed
label	cdc2022-opioid-rec09-imp19	unreviewed
label	cdc2022-opioid-rec09-imp20	unreviewed
label	cdc2022-opioid-rec09-imp21	unreviewed
label	cdc2022-opioid-rec09-imp22	unreviewed
label	cdc2022-opioid-rec10	unreviewed
label	cdc2022-opioid-rec10-imp01	unreviewed
label	cdc2022-opioid-rec10-imp02	unreviewed
label	cdc2022-opioid-rec10-imp03	unreviewed
label	cdc2022-opioid-rec10-imp04	unreviewed
label	cdc2022-opioid-rec10-imp05	unreviewed
label	cdc2022-opioid-rec10-imp06	unreviewed
label	cdc2022-opioid-rec10-imp07	unreviewed
label	cdc2022-opioid-rec10-imp08	unreviewed
label	cdc2022-opioid-rec10-imp09	unreviewed
label	cdc2022-opioid-rec10-imp10	unreviewed
label	cdc2022-opioid-rec10-imp11	unreviewed
label	cdc2022-opioid-rec10-imp12	unreviewed
label	cdc2022-opioid-rec10-imp13	unreviewed
label	cdc2022-opioid-rec10-imp14	unreviewed
label	cdc2022-opioid-rec11	unreviewed
label	cdc2022-opioid-rec11-imp01	unreviewed
label	cdc2022-opioid-rec11-imp03	unreviewed
label	cdc2022-opioid-rec11-imp04	unreviewed
label	cdc2022-opioid-rec11-imp05	unreviewed
label	cdc2022-opioid-rec11-imp06	unreviewed
label	cdc2022-opioid-rec11-imp07	unreviewed
label	cdc2022-opioid-rec11-imp08	unreviewed
label	cdc2022-opioid-rec12	unreviewed
label	cdc2022-opioid-rec12-imp01	unreviewed
label	cdc2022-opioid-rec12-imp02	unreviewed
label	cdc2022-opioid-rec12-imp04	unreviewed
label	cdc2022-opioid-rec12-imp05	unreviewed
label	cdc2022-opioid-rec12-imp07	unreviewed
label	cdc2022-opioid-rec12-imp08	unreviewed
label	cdc2022-opioid-rec12-imp09	unreviewed
label	cdc2022-opioid-s10-04	unreviewed
label	cdc2022-opioid-s11-01	unreviewed
label	cdc2022-opioid-s12-01	unreviewed
label	cdc2022-opioid-s12-02	unreviewed
label	cdc2022-opioid-s12-03	unreviewed
label	cdc2022-opioid-s18-01	unreviewed
label	cdc2022-opioid-s18-03	unreviewed
label	cdc2022-opioid-s18-06	unreviewed
label	cdc2022-opioid-s18-07	unreviewed
label	cdc2022-opioid-s19-07	unreviewed
label	cdc2022-opioid-s19-08	unreviewed
label	cdc2022-opioid-s20-04	unreviewed
label	cdc2022-opioid-s20-12	unreviewed
label	cdc2022-opioid-s21-02	unreviewed
label	cdc2022-opioid-s21-03	unreviewed
label	cdc2022-opioid-s21-05	unreviewed
label	cdc2022-opioid-s22-04	unreviewed
label	cdc2022-opioid-s22-07	unreviewed
label	cdc2022-opioid-s22-08	unreviewed
label	cdc2022-opioid-s22-11	unreviewed
label	cdc2022-opioid-s22-13	unreviewed
label	cdc2022-opioid-s23-01	unreviewed
label	cdc2022-opioid-s23-02	unreviewed
label	cdc2022-opioid-s23-03	unreviewed
label	cdc2022-opioid-s23-04	unreviewed
label	cdc2022-opioid-s23-05	unreviewed
label	cdc2022-opioid-s23-06	unreviewed
label	cdc2022-opioid-s23-08	unreviewed
label	cdc2022-opioid-s23-09	unreviewed
label	cdc2022-opioid-s23-10	unreviewed
label	cdc2022-opioid-s23-11	unreviewed
label	cdc2022-opioid-s23-12	unreviewed
label	cdc2022-opioid-s23-13	unreviewed
label	cdc2022-opioid-s23-14	unreviewed
label	cdc2022-opioid-s23-15	unreviewed
label	cdc2022-opioid-s23-16	unreviewed
label	cdc2022-opioid-s25-04	unreviewed
label	cdc2022-opioid-s25-05	unreviewed
label	cdc2022-opioid-s25-08	unreviewed
label	cdc2022-opioid-s25-09	unreviewed
label	cdc2022-opioid-s26-01	unreviewed
label	cdc2022-opioid-s26-07	unreviewed
label	cdc2022-opioid-s26-08	unreviewed
label	cdc2022-opioid-s26-09	unreviewed
label	cdc2022-opioid-s27-05	unreviewed
label	cdc2022-opioid-s27-09	unreviewed
label	cdc2022-opioid-s28-10	unreviewed
label	cdc2022-opioid-s28-11	unreviewed
label	cdc2022-opioid-s28-13	unreviewed
label	cdc2022-opioid-s29-02	unreviewed
label	cdc2022-opioid-s29-03	unreviewed
label	cdc2022-opioid-s29-04	unreviewed
label	cdc2022-opioid-s29-17	unreviewed
label	cdc2022-opioid-s29-19	unreviewed
label	cdc2022-opioid-s29-20	unreviewed
label	cdc2022-opioid-s3-01	unreviewed
label	cdc2022-opioid-s3-02	unreviewed
label	cdc2022-opioid-s3-03	unreviewed
label	cdc2022-opioid-s30-02	unreviewed
label	cdc2022-opioid-s30-03	unreviewed
label	cdc2022-opioid-s30-05	unreviewed
label	cdc2022-opioid-s30-06	unreviewed
label	cdc2022-opioid-s30-07	unreviewed
label	cdc2022-opioid-s30-08	unreviewed
label	cdc2022-opioid-s32-02	unreviewed
label	cdc2022-opioid-s32-03	unreviewed
label	cdc2022-opioid-s33-01	unreviewed
label	cdc2022-opioid-s33-03	unreviewed
label	cdc2022-opioid-s33-04	unreviewed
label	cdc2022-opioid-s33-05	unreviewed
label	cdc2022-opioid-s33-06	unreviewed
label	cdc2022-opioid-s34-04	unreviewed
label	cdc2022-opioid-s34-05	unreviewed
label	cdc2022-opioid-s34-07	unreviewed
label	cdc2022-opioid-s34-10	unreviewed
label	cdc2022-opioid-s34-14	unreviewed
label	cdc2022-opioid-s37-10	unreviewed
label	cdc2022-opioid-s37-11	unreviewed
label	cdc2022-opioid-s37-12	unreviewed
label	cdc2022-opioid-s37-13	unreviewed
label	cdc2022-opioid-s37-15	unreviewed
label	cdc2022-opioid-s37-19	unreviewed
label	cdc2022-opioid-s38-02	unreviewed
label	cdc2022-opioid-s38-03	unreviewed
label	cdc2022-opioid-s38-04	unreviewed
label	cdc2022-opioid-s38-05	unreviewed
label	cdc2022-opioid-s38-08	unreviewed
label	cdc2022-opioid-s38-11	unreviewed
label	cdc2022-opioid-s38-12	unreviewed
label	cdc2022-opioid-s38-16	unreviewed
label	cdc2022-opioid-s38-17	unreviewed
label	cdc2022-opioid-s39-01	unreviewed
label	cdc2022-opioid-s39-07	unreviewed
label	cdc2022-opioid-s39-09	unreviewed
label	cdc2022-opioid-s39-10	unreviewed
label	cdc2022-opioid-s39-12	unreviewed
label	cdc2022-opioid-s39-16	unreviewed
label	cdc2022-opioid-s40-01	unreviewed
label	cdc2022-opioid-s42-15	unreviewed
label	cdc2022-opioid-s42-16	unreviewed
label	cdc2022-opioid-s44-04	unreviewed
label	cdc2022-opioid-s44-17	unreviewed
label	cdc2022-opioid-s44-18	unreviewed
label	cdc2022-opioid-s45-01	unreviewed
label	cdc2022-opioid-s45-02	unreviewed
label	cdc2022-opioid-s46-11	unreviewed
label	cdc2022-opioid-s46-16	unreviewed
label	cdc2022-opioid-s47-01	unreviewed
label	cdc2022-opioid-s47-05	unreviewed
label	cdc2022-opioid-s47-06	unreviewed
label	cdc2022-opioid-s47-07	unreviewed
label	cdc2022-opioid-s47-08	unreviewed
label	cdc2022-opioid-s47-09	unreviewed
label	cdc2022-opioid-s47-16	unreviewed
label	cdc2022-opioid-s47-17	unreviewed
label	cdc2022-opioid-s47-18	unreviewed
label	cdc2022-opioid-s48-02	unreviewed
label	cdc2022-opioid-s48-04	unreviewed
label	cdc2022-opioid-s48-06	unreviewed
label	cdc2022-opioid-s48-09	unreviewed
label	cdc2022-opioid-s48-10	unreviewed
label	cdc2022-opioid-s48-12	unreviewed
label	cdc2022-opioid-s49-02	unreviewed
label	cdc2022-opioid-s49-03	unreviewed
label	cdc2022-opioid-s49-05	unreviewed
label	cdc2022-opioid-s49-10	unreviewed
label	cdc2022-opioid-s49-14	unreviewed
label	cdc2022-opioid-s51-11	unreviewed
label	cdc2022-opioid-s54-02	unreviewed
label	cdc2022-opioid-s54-07	unreviewed
label	cdc2022-opioid-s54-09	unreviewed
label	cdc2022-opioid-s54-15	unreviewed
label	cdc2022-opioid-s56-04	unreviewed
label	cdc2022-opioid-s58-10	unreviewed
label	cdc2022-opioid-s58-12	unreviewed
label	cdc2022-opioid-s58-13	unreviewed
label	cdc2022-opioid-s59-03	unreviewed
label	cdc2022-opioid-s59-06	unreviewed
label	cdc2022-opioid-s59-07	unreviewed
label	cdc2022-opioid-s59-12	unreviewed
label	cdc2022-opioid-s59-14	unreviewed
label	cdc2022-opioid-s59-15	unreviewed
label	cdc2022-opioid-s6-02	unreviewed
label	cdc2022-opioid-s60-02	unreviewed
label	cdc2022-opioid-s60-05	unreviewed
label	cdc2022-opioid-s60-08	unreviewed
label	cdc2022-opioid-s60-09	unreviewed
label	cdc2022-opioid-s60-10	unreviewed
label	cdc2022-opioid-s60-13	unreviewed
label	cdc2022-opioid-s60-14	unreviewed
label	cdc2022-opioid-s60-15	unreviewed
label	cdc2022-opioid-s60-16	unreviewed
label	cdc2022-opioid-s60-17	unreviewed
label	cdc2022-opioid-s60-18	unreviewed
label	cdc2022-opioid-s61-03	unreviewed
label	cdc2022-opioid-s61-07	unreviewed
label	cdc2022-opioid-s61-09	unreviewed
label	cdc2022-opioid-s62-03	unreviewed
label	cdc2022-opioid-s62-04	unreviewed
label	cdc2022-opioid-s7-02	unreviewed
label	cdc2022-opioid-s7-03	unreviewed
label	cdc2022-opioid-s8-06	unreviewed
label	cdc2022-opioid-s8-09	unreviewed
label	cdc2022-opioid-s8-10	unreviewed
label	cdc2022-opioid-s8-12	unreviewed
label	cdc2022-opioid-s9-01	unreviewed
label	cdc2022-opioid-s9-04	unreviewed
label	cdc2022-opioid-s9-05	unreviewed
